anno,periodo,tipo,territorio,ore
2023,1,Ordinaria,Bergamo,1586802
2023,1,Ordinaria,Brescia,3320124
2023,1,Ordinaria,Como,1304008
2023,1,Ordinaria,Cremona,159328
2023,1,Ordinaria,Italia,54795846
2023,1,Ordinaria,Lecco,685374
2023,1,Ordinaria,Lodi,152996
2023,1,Ordinaria,Lombardia,14109082
2023,1,Ordinaria,Mantova,650340
2023,1,Ordinaria,Milano,2666872
2023,1,Ordinaria,Monza e della Brianza,998596
2023,1,Ordinaria,Pavia,366196
2023,1,Ordinaria,Sondrio,66870
2023,1,Ordinaria,Varese,2151576
2023,1,Straordinaria,Bergamo,787162
2023,1,Straordinaria,Brescia,1748062
2023,1,Straordinaria,Como,535490
2023,1,Straordinaria,Cremona,3888
2023,1,Straordinaria,Italia,61562685
2023,1,Straordinaria,Lecco,49396
2023,1,Straordinaria,Lodi,0
2023,1,Straordinaria,Lombardia,6325820
2023,1,Straordinaria,Mantova,0
2023,1,Straordinaria,Milano,1946128
2023,1,Straordinaria,Monza e della Brianza,53526
2023,1,Straordinaria,Pavia,38220
2023,1,Straordinaria,Sondrio,5796
2023,1,Straordinaria,Varese,1158152
2023,1,Deroga,Bergamo,0
2023,1,Deroga,Brescia,0
2023,1,Deroga,Como,0
2023,1,Deroga,Cremona,0
2023,1,Deroga,Italia,497650
2023,1,Deroga,Lecco,0
2023,1,Deroga,Lodi,0
2023,1,Deroga,Lombardia,4948
2023,1,Deroga,Mantova,4948
2023,1,Deroga,Milano,0
2023,1,Deroga,Monza e della Brianza,0
2023,1,Deroga,Pavia,0
2023,1,Deroga,Sondrio,0
2023,1,Deroga,Varese,0
2023,2,Ordinaria,Bergamo,3002470
2023,2,Ordinaria,Brescia,6317478
2023,2,Ordinaria,Como,2172708
2023,2,Ordinaria,Cremona,592712
2023,2,Ordinaria,Italia,106018256
2023,2,Ordinaria,Lecco,1214706
2023,2,Ordinaria,Lodi,186160
2023,2,Ordinaria,Lombardia,26287018
2023,2,Ordinaria,Mantova,1354840
2023,2,Ordinaria,Milano,4577184
2023,2,Ordinaria,Monza e della Brianza,1735788
2023,2,Ordinaria,Pavia,681610
2023,2,Ordinaria,Sondrio,144684
2023,2,Ordinaria,Varese,4306678
2023,2,Straordinaria,Bergamo,1279678
2023,2,Straordinaria,Brescia,2282912
2023,2,Straordinaria,Como,736416
2023,2,Straordinaria,Cremona,691616
2023,2,Straordinaria,Italia,93385644
2023,2,Straordinaria,Lecco,80412
2023,2,Straordinaria,Lodi,119290
2023,2,Straordinaria,Lombardia,12392672
2023,2,Straordinaria,Mantova,502510
2023,2,Straordinaria,Milano,4006524
2023,2,Straordinaria,Monza e della Brianza,643102
2023,2,Straordinaria,Pavia,151540
2023,2,Straordinaria,Sondrio,5796
2023,2,Straordinaria,Varese,1892876
2023,2,Deroga,Bergamo,0
2023,2,Deroga,Brescia,0
2023,2,Deroga,Como,0
2023,2,Deroga,Cremona,0
2023,2,Deroga,Italia,1055716
2023,2,Deroga,Lecco,0
2023,2,Deroga,Lodi,0
2023,2,Deroga,Lombardia,5910
2023,2,Deroga,Mantova,5132
2023,2,Deroga,Milano,0
2023,2,Deroga,Monza e della Brianza,778
2023,2,Deroga,Pavia,0
2023,2,Deroga,Sondrio,0
2023,2,Deroga,Varese,0
2023,3,Ordinaria,Bergamo,4516422
2023,3,Ordinaria,Brescia,9143458
2023,3,Ordinaria,Como,3758206
2023,3,Ordinaria,Cremona,913462
2023,3,Ordinaria,Italia,157286838
2023,3,Ordinaria,Lecco,1639892
2023,3,Ordinaria,Lodi,334712
2023,3,Ordinaria,Lombardia,38069482
2023,3,Ordinaria,Mantova,2744370
2023,3,Ordinaria,Milano,5693062
2023,3,Ordinaria,Monza e della Brianza,2341524
2023,3,Ordinaria,Pavia,893336
2023,3,Ordinaria,Sondrio,160438
2023,3,Ordinaria,Varese,5930600
2023,3,Straordinaria,Bergamo,1947920
2023,3,Straordinaria,Brescia,3857318
2023,3,Straordinaria,Como,858586
2023,3,Straordinaria,Cremona,757762
2023,3,Straordinaria,Italia,128537348
2023,3,Straordinaria,Lecco,229674
2023,3,Straordinaria,Lodi,148244
2023,3,Straordinaria,Lombardia,16964470
2023,3,Straordinaria,Mantova,823944
2023,3,Straordinaria,Milano,5179112
2023,3,Straordinaria,Monza e della Brianza,751732
2023,3,Straordinaria,Pavia,286476
2023,3,Straordinaria,Sondrio,6660
2023,3,Straordinaria,Varese,2117042
2023,3,Deroga,Bergamo,0
2023,3,Deroga,Brescia,0
2023,3,Deroga,Como,0
2023,3,Deroga,Cremona,0
2023,3,Deroga,Italia,1321168
2023,3,Deroga,Lecco,1088
2023,3,Deroga,Lodi,0
2023,3,Deroga,Lombardia,6998
2023,3,Deroga,Mantova,5132
2023,3,Deroga,Milano,0
2023,3,Deroga,Monza e della Brianza,778
2023,3,Deroga,Pavia,0
2023,3,Deroga,Sondrio,0
2023,3,Deroga,Varese,0
2023,4,Ordinaria,Bergamo,7005320
2023,4,Ordinaria,Brescia,13441636
2023,4,Ordinaria,Como,5045832
2023,4,Ordinaria,Cremona,1788636
2023,4,Ordinaria,Italia,229557186
2023,4,Ordinaria,Lecco,2639356
2023,4,Ordinaria,Lodi,598716
2023,4,Ordinaria,Lombardia,56224716
2023,4,Ordinaria,Mantova,3621634
2023,4,Ordinaria,Milano,8446572
2023,4,Ordinaria,Monza e della Brianza,3376476
2023,4,Ordinaria,Pavia,1447294
2023,4,Ordinaria,Sondrio,319142
2023,4,Ordinaria,Varese,8494102
2023,4,Straordinaria,Bergamo,3481996
2023,4,Straordinaria,Brescia,4683104
2023,4,Straordinaria,Como,1340146
2023,4,Straordinaria,Cremona,773302
2023,4,Straordinaria,Italia,169915996
2023,4,Straordinaria,Lecco,236114
2023,4,Straordinaria,Lodi,148244
2023,4,Straordinaria,Lombardia,21480300
2023,4,Straordinaria,Mantova,893682
2023,4,Straordinaria,Milano,6033516
2023,4,Straordinaria,Monza e della Brianza,1357488
2023,4,Straordinaria,Pavia,286476
2023,4,Straordinaria,Sondrio,6660
2023,4,Straordinaria,Varese,2239572
2023,4,Deroga,Bergamo,0
2023,4,Deroga,Brescia,0
2023,4,Deroga,Como,0
2023,4,Deroga,Cremona,0
2023,4,Deroga,Italia,1666292
2023,4,Deroga,Lecco,1088
2023,4,Deroga,Lodi,0
2023,4,Deroga,Lombardia,88308
2023,4,Deroga,Mantova,5132
2023,4,Deroga,Milano,64728
2023,4,Deroga,Monza e della Brianza,17360
2023,4,Deroga,Pavia,0
2023,4,Deroga,Sondrio,0
2023,4,Deroga,Varese,0
2024,1,Ordinaria,Bergamo,2558892
2024,1,Ordinaria,Brescia,3533568
2024,1,Ordinaria,Como,2285890
2024,1,Ordinaria,Cremona,550158
2024,1,Ordinaria,Italia,77291528
2024,1,Ordinaria,Lecco,799166
2024,1,Ordinaria,Lodi,87084
2024,1,Ordinaria,Lombardia,18086880
2024,1,Ordinaria,Mantova,824524
2024,1,Ordinaria,Milano,2974928
2024,1,Ordinaria,Monza e della Brianza,846620
2024,1,Ordinaria,Pavia,444030
2024,1,Ordinaria,Sondrio,252400
2024,1,Ordinaria,Varese,2929620
2024,1,Straordinaria,Bergamo,1642382
2024,1,Straordinaria,Brescia,1633026
2024,1,Straordinaria,Como,31094
2024,1,Straordinaria,Cremona,12000
2024,1,Straordinaria,Italia,60931925
2024,1,Straordinaria,Lecco,72340
2024,1,Straordinaria,Lodi,0
2024,1,Straordinaria,Lombardia,6209996
2024,1,Straordinaria,Mantova,518608
2024,1,Straordinaria,Milano,1925940
2024,1,Straordinaria,Monza e della Brianza,211264
2024,1,Straordinaria,Pavia,34560
2024,1,Straordinaria,Sondrio,0
2024,1,Straordinaria,Varese,128782
2024,1,Deroga,Bergamo,0
2024,1,Deroga,Brescia,0
2024,1,Deroga,Como,0
2024,1,Deroga,Cremona,0
2024,1,Deroga,Italia,766480
2024,1,Deroga,Lecco,0
2024,1,Deroga,Lodi,0
2024,1,Deroga,Lombardia,0
2024,1,Deroga,Mantova,0
2024,1,Deroga,Milano,0
2024,1,Deroga,Monza e della Brianza,0
2024,1,Deroga,Pavia,0
2024,1,Deroga,Sondrio,0
2024,1,Deroga,Varese,0
2024,2,Ordinaria,Bergamo,4756156
2024,2,Ordinaria,Brescia,6503750
2024,2,Ordinaria,Como,4499750
2024,2,Ordinaria,Cremona,707372
2024,2,Ordinaria,Italia,153556028
2024,2,Ordinaria,Lecco,1681450
2024,2,Ordinaria,Lodi,185634
2024,2,Ordinaria,Lombardia,35549406
2024,2,Ordinaria,Mantova,2044926
2024,2,Ordinaria,Milano,5444564
2024,2,Ordinaria,Monza e della Brianza,1897684
2024,2,Ordinaria,Pavia,1150552
2024,2,Ordinaria,Sondrio,404594
2024,2,Ordinaria,Varese,6272974
2024,2,Straordinaria,Bergamo,3704860
2024,2,Straordinaria,Brescia,2533406
2024,2,Straordinaria,Como,146436
2024,2,Straordinaria,Cremona,12000
2024,2,Straordinaria,Italia,101056715
2024,2,Straordinaria,Lecco,82636
2024,2,Straordinaria,Lodi,22014
2024,2,Straordinaria,Lombardia,12202458
2024,2,Straordinaria,Mantova,661950
2024,2,Straordinaria,Milano,3106126
2024,2,Straordinaria,Monza e della Brianza,662704
2024,2,Straordinaria,Pavia,95514
2024,2,Straordinaria,Sondrio,72
2024,2,Straordinaria,Varese,1174740
2024,2,Deroga,Bergamo,0
2024,2,Deroga,Brescia,0
2024,2,Deroga,Como,0
2024,2,Deroga,Cremona,0
2024,2,Deroga,Italia,1474032
2024,2,Deroga,Lecco,0
2024,2,Deroga,Lodi,0
2024,2,Deroga,Lombardia,10372
2024,2,Deroga,Mantova,0
2024,2,Deroga,Milano,10372
2024,2,Deroga,Monza e della Brianza,0
2024,2,Deroga,Pavia,0
2024,2,Deroga,Sondrio,0
2024,2,Deroga,Varese,0
2024,3,Ordinaria,Bergamo,6675084
2024,3,Ordinaria,Brescia,10281606
2024,3,Ordinaria,Como,6024936
2024,3,Ordinaria,Cremona,1034644
2024,3,Ordinaria,Italia,227989766
2024,3,Ordinaria,Lecco,2789294
2024,3,Ordinaria,Lodi,278232
2024,3,Ordinaria,Lombardia,51367956
2024,3,Ordinaria,Mantova,3500220
2024,3,Ordinaria,Milano,7574164
2024,3,Ordinaria,Monza e della Brianza,2626034
2024,3,Ordinaria,Pavia,1529190
2024,3,Ordinaria,Sondrio,470536
2024,3,Ordinaria,Varese,8584016
2024,3,Straordinaria,Bergamo,4451954
2024,3,Straordinaria,Brescia,2941910
2024,3,Straordinaria,Como,295582
2024,3,Straordinaria,Cremona,291438
2024,3,Straordinaria,Italia,128398027
2024,3,Straordinaria,Lecco,103390
2024,3,Straordinaria,Lodi,36702
2024,3,Straordinaria,Lombardia,16161290
2024,3,Straordinaria,Mantova,931610
2024,3,Straordinaria,Milano,4184708
2024,3,Straordinaria,Monza e della Brianza,1044600
2024,3,Straordinaria,Pavia,453264
2024,3,Straordinaria,Sondrio,72
2024,3,Straordinaria,Varese,1426060
2024,3,Deroga,Bergamo,7192
2024,3,Deroga,Brescia,0
2024,3,Deroga,Como,0
2024,3,Deroga,Cremona,0
2024,3,Deroga,Italia,1486804
2024,3,Deroga,Lecco,0
2024,3,Deroga,Lodi,0
2024,3,Deroga,Lombardia,17564
2024,3,Deroga,Mantova,0
2024,3,Deroga,Milano,10372
2024,3,Deroga,Monza e della Brianza,0
2024,3,Deroga,Pavia,0
2024,3,Deroga,Sondrio,0
2024,3,Deroga,Varese,0
2024,4,Ordinaria,Bergamo,9422986
2024,4,Ordinaria,Brescia,14922088
2024,4,Ordinaria,Como,8191010
2024,4,Ordinaria,Cremona,1736058
2024,4,Ordinaria,Italia,328134708
2024,4,Ordinaria,Lecco,4501314
2024,4,Ordinaria,Lodi,549342
2024,4,Ordinaria,Lombardia,72272498
2024,4,Ordinaria,Mantova,4600658
2024,4,Ordinaria,Milano,10381486
2024,4,Ordinaria,Monza e della Brianza,3980062
2024,4,Ordinaria,Pavia,2164638
2024,4,Ordinaria,Sondrio,839460
2024,4,Ordinaria,Varese,10983396
2024,4,Straordinaria,Bergamo,5692784
2024,4,Straordinaria,Brescia,4819492
2024,4,Straordinaria,Como,700326
2024,4,Straordinaria,Cremona,395448
2024,4,Straordinaria,Italia,167703775
2024,4,Straordinaria,Lecco,440524
2024,4,Straordinaria,Lodi,36702
2024,4,Straordinaria,Lombardia,23021370
2024,4,Straordinaria,Mantova,1363178
2024,4,Straordinaria,Milano,5389838
2024,4,Straordinaria,Monza e della Brianza,1234394
2024,4,Straordinaria,Pavia,663568
2024,4,Straordinaria,Sondrio,122792
2024,4,Straordinaria,Varese,2162324
2024,4,Deroga,Bergamo,7192
2024,4,Deroga,Brescia,0
2024,4,Deroga,Como,0
2024,4,Deroga,Cremona,0
2024,4,Deroga,Italia,2216464
2024,4,Deroga,Lecco,0
2024,4,Deroga,Lodi,0
2024,4,Deroga,Lombardia,72424
2024,4,Deroga,Mantova,0
2024,4,Deroga,Milano,10372
2024,4,Deroga,Monza e della Brianza,54860
2024,4,Deroga,Pavia,0
2024,4,Deroga,Sondrio,0
2024,4,Deroga,Varese,0
2025,1,Ordinaria,Bergamo,3336622
2025,1,Ordinaria,Brescia,4536752
2025,1,Ordinaria,Como,2152752
2025,1,Ordinaria,Cremona,319114
2025,1,Ordinaria,Italia,91481444
2025,1,Ordinaria,Lecco,1070602
2025,1,Ordinaria,Lodi,251898
2025,1,Ordinaria,Lombardia,21456012
2025,1,Ordinaria,Mantova,1000734
2025,1,Ordinaria,Milano,3787676
2025,1,Ordinaria,Monza e della Brianza,970944
2025,1,Ordinaria,Pavia,539036
2025,1,Ordinaria,Sondrio,339230
2025,1,Ordinaria,Varese,3150652
2025,1,Straordinaria,Bergamo,1708520
2025,1,Straordinaria,Brescia,2003630
2025,1,Straordinaria,Como,431466
2025,1,Straordinaria,Cremona,2916
2025,1,Straordinaria,Italia,75332640
2025,1,Straordinaria,Lecco,68332
2025,1,Straordinaria,Lodi,38160
2025,1,Straordinaria,Lombardia,7385980
2025,1,Straordinaria,Mantova,207494
2025,1,Straordinaria,Milano,1303424
2025,1,Straordinaria,Monza e della Brianza,791056
2025,1,Straordinaria,Pavia,186714
2025,1,Straordinaria,Sondrio,0
2025,1,Straordinaria,Varese,644268
2025,1,Deroga,Bergamo,0
2025,1,Deroga,Brescia,0
2025,1,Deroga,Como,0
2025,1,Deroga,Cremona,0
2025,1,Deroga,Italia,378066
2025,1,Deroga,Lecco,0
2025,1,Deroga,Lodi,0
2025,1,Deroga,Lombardia,23562
2025,1,Deroga,Mantova,0
2025,1,Deroga,Milano,23562
2025,1,Deroga,Monza e della Brianza,0
2025,1,Deroga,Pavia,0
2025,1,Deroga,Sondrio,0
2025,1,Deroga,Varese,0
2025,2,Ordinaria,Bergamo,5552894
2025,2,Ordinaria,Brescia,9192988
2025,2,Ordinaria,Como,3880738
2025,2,Ordinaria,Cremona,1292684
2025,2,Ordinaria,Italia,164681494
2025,2,Ordinaria,Lecco,2160358
2025,2,Ordinaria,Lodi,464516
2025,2,Ordinaria,Lombardia,39730626
2025,2,Ordinaria,Mantova,2066740
2025,2,Ordinaria,Milano,5731526
2025,2,Ordinaria,Monza e della Brianza,2054628
2025,2,Ordinaria,Pavia,981616
2025,2,Ordinaria,Sondrio,562426
2025,2,Ordinaria,Varese,5789512
2025,2,Straordinaria,Bergamo,4290834
2025,2,Straordinaria,Brescia,3953096
2025,2,Straordinaria,Como,660614
2025,2,Straordinaria,Cremona,2916
2025,2,Straordinaria,Italia,131420758
2025,2,Straordinaria,Lecco,93456
2025,2,Straordinaria,Lodi,68190
2025,2,Straordinaria,Lombardia,16117710
2025,2,Straordinaria,Mantova,855858
2025,2,Straordinaria,Milano,3365568
2025,2,Straordinaria,Monza e della Brianza,1281804
2025,2,Straordinaria,Pavia,262738
2025,2,Straordinaria,Sondrio,0
2025,2,Straordinaria,Varese,1282636
2025,2,Deroga,Bergamo,0
2025,2,Deroga,Brescia,0
2025,2,Deroga,Como,0
2025,2,Deroga,Cremona,0
2025,2,Deroga,Italia,444928
2025,2,Deroga,Lecco,0
2025,2,Deroga,Lodi,0
2025,2,Deroga,Lombardia,23562
2025,2,Deroga,Mantova,0
2025,2,Deroga,Milano,23562
2025,2,Deroga,Monza e della Brianza,0
2025,2,Deroga,Pavia,0
2025,2,Deroga,Sondrio,0
2025,2,Deroga,Varese,0
2025,3,Ordinaria,Bergamo,7146716
2025,3,Ordinaria,Brescia,11205008
2025,3,Ordinaria,Como,5653572
2025,3,Ordinaria,Cremona,1818946
2025,3,Ordinaria,Italia,217668790
2025,3,Ordinaria,Lecco,2950100
2025,3,Ordinaria,Lodi,562114
2025,3,Ordinaria,Lombardia,51482420
2025,3,Ordinaria,Mantova,2855962
2025,3,Ordinaria,Milano,7336828
2025,3,Ordinaria,Monza e della Brianza,2839884
2025,3,Ordinaria,Pavia,1221210
2025,3,Ordinaria,Sondrio,766194
2025,3,Ordinaria,Varese,7125886
2025,3,Straordinaria,Bergamo,4881096
2025,3,Straordinaria,Brescia,4810212
2025,3,Straordinaria,Como,1630996
2025,3,Straordinaria,Cremona,24036
2025,3,Straordinaria,Italia,190599491
2025,3,Straordinaria,Lecco,108360
2025,3,Straordinaria,Lodi,68190
2025,3,Straordinaria,Lombardia,20597842
2025,3,Straordinaria,Mantova,909890
2025,3,Straordinaria,Milano,4353726
2025,3,Straordinaria,Monza e della Brianza,1534806
2025,3,Straordinaria,Pavia,334740
2025,3,Straordinaria,Sondrio,24570
2025,3,Straordinaria,Varese,1917220
2025,3,Deroga,Bergamo,0
2025,3,Deroga,Brescia,0
2025,3,Deroga,Como,0
2025,3,Deroga,Cremona,0
2025,3,Deroga,Italia,444928
2025,3,Deroga,Lecco,0
2025,3,Deroga,Lodi,0
2025,3,Deroga,Lombardia,23562
2025,3,Deroga,Mantova,0
2025,3,Deroga,Milano,23562
2025,3,Deroga,Monza e della Brianza,0
2025,3,Deroga,Pavia,0
2025,3,Deroga,Sondrio,0
2025,3,Deroga,Varese,0
2025,4,Ordinaria,Bergamo,9434936
2025,4,Ordinaria,Brescia,16767248
2025,4,Ordinaria,Como,6748336
2025,4,Ordinaria,Cremona,2594688
2025,4,Ordinaria,Italia,284945924
2025,4,Ordinaria,Lecco,3976228
2025,4,Ordinaria,Lodi,712714
2025,4,Ordinaria,Lombardia,70837796
2025,4,Ordinaria,Mantova,3999610
2025,4,Ordinaria,Milano,9482524
2025,4,Ordinaria,Monza e della Brianza,4057756
2025,4,Ordinaria,Pavia,1851998
2025,4,Ordinaria,Sondrio,958036
2025,4,Ordinaria,Varese,10253722
2025,4,Straordinaria,Bergamo,5962286
2025,4,Straordinaria,Brescia,6157490
2025,4,Straordinaria,Como,1714626
2025,4,Straordinaria,Cremona,91220
2025,4,Straordinaria,Italia,247818905
2025,4,Straordinaria,Lecco,260820
2025,4,Straordinaria,Lodi,126174
2025,4,Straordinaria,Lombardia,28877158
2025,4,Straordinaria,Mantova,1694656
2025,4,Straordinaria,Milano,6749066
2025,4,Straordinaria,Monza e della Brianza,1888510
2025,4,Straordinaria,Pavia,391152
2025,4,Straordinaria,Sondrio,24570
2025,4,Straordinaria,Varese,3816588
2025,4,Deroga,Bergamo,0
2025,4,Deroga,Brescia,0
2025,4,Deroga,Como,0
2025,4,Deroga,Cremona,0
2025,4,Deroga,Italia,446544
2025,4,Deroga,Lecco,0
2025,4,Deroga,Lodi,0
2025,4,Deroga,Lombardia,23562
2025,4,Deroga,Mantova,0
2025,4,Deroga,Milano,23562
2025,4,Deroga,Monza e della Brianza,0
2025,4,Deroga,Pavia,0
2025,4,Deroga,Sondrio,0
2025,4,Deroga,Varese,0
2026,1,Ordinaria,Bergamo,1858770
2026,1,Ordinaria,Brescia,2561656
2026,1,Ordinaria,Como,2004960
2026,1,Ordinaria,Cremona,531748
2026,1,Ordinaria,Italia,58769842
2026,1,Ordinaria,Lecco,1657306
2026,1,Ordinaria,Lodi,135182
2026,1,Ordinaria,Lombardia,15043798
2026,1,Ordinaria,Mantova,775338
2026,1,Ordinaria,Milano,2324180
2026,1,Ordinaria,Monza e della Brianza,845598
2026,1,Ordinaria,Pavia,122898
2026,1,Ordinaria,Sondrio,280378
2026,1,Ordinaria,Varese,1945784
2026,1,Straordinaria,Bergamo,1779760
2026,1,Straordinaria,Brescia,1577072
2026,1,Straordinaria,Como,747320
2026,1,Straordinaria,Cremona,205112
2026,1,Straordinaria,Italia,66470254
2026,1,Straordinaria,Lecco,12480
2026,1,Straordinaria,Lodi,34008
2026,1,Straordinaria,Lombardia,12681716
2026,1,Straordinaria,Mantova,159366
2026,1,Straordinaria,Milano,464082
2026,1,Straordinaria,Monza e della Brianza,515146
2026,1,Straordinaria,Pavia,197476
2026,1,Straordinaria,Sondrio,0
2026,1,Straordinaria,Varese,6989894
2026,1,Deroga,Bergamo,0
2026,1,Deroga,Brescia,0
2026,1,Deroga,Como,0
2026,1,Deroga,Cremona,0
2026,1,Deroga,Italia,32772
2026,1,Deroga,Lecco,0
2026,1,Deroga,Lodi,0
2026,1,Deroga,Lombardia,0
2026,1,Deroga,Mantova,0
2026,1,Deroga,Milano,0
2026,1,Deroga,Monza e della Brianza,0
2026,1,Deroga,Pavia,0
2026,1,Deroga,Sondrio,0
2026,1,Deroga,Varese,0
2026,2,Ordinaria,Bergamo,3897842
2026,2,Ordinaria,Brescia,6214228
2026,2,Ordinaria,Como,3517538
2026,2,Ordinaria,Cremona,776280
2026,2,Ordinaria,Italia,115217440
2026,2,Ordinaria,Lecco,2517082
2026,2,Ordinaria,Lodi,233382
2026,2,Ordinaria,Lombardia,29315274
2026,2,Ordinaria,Mantova,1582748
2026,2,Ordinaria,Milano,4141676
2026,2,Ordinaria,Monza e della Brianza,1589744
2026,2,Ordinaria,Pavia,581268
2026,2,Ordinaria,Sondrio,346924
2026,2,Ordinaria,Varese,3916562
2026,2,Straordinaria,Bergamo,2297256
2026,2,Straordinaria,Brescia,2412996
2026,2,Straordinaria,Como,1278794
2026,2,Straordinaria,Cremona,261592
2026,2,Straordinaria,Italia,125361196
2026,2,Straordinaria,Lecco,267516
2026,2,Straordinaria,Lodi,206784
2026,2,Straordinaria,Lombardia,18525472
2026,2,Straordinaria,Mantova,252414
2026,2,Straordinaria,Milano,2908136
2026,2,Straordinaria,Monza e della Brianza,908894
2026,2,Straordinaria,Pavia,347942
2026,2,Straordinaria,Sondrio,0
2026,2,Straordinaria,Varese,7383148
2026,2,Deroga,Bergamo,0
2026,2,Deroga,Brescia,0
2026,2,Deroga,Como,0
2026,2,Deroga,Cremona,0
2026,2,Deroga,Italia,556628
2026,2,Deroga,Lecco,0
2026,2,Deroga,Lodi,0
2026,2,Deroga,Lombardia,0
2026,2,Deroga,Mantova,0
2026,2,Deroga,Milano,0
2026,2,Deroga,Monza e della Brianza,0
2026,2,Deroga,Pavia,0
2026,2,Deroga,Sondrio,0
2026,2,Deroga,Varese,0
