anno,mese,tipo,ore
2009,1,Ordinaria,1263078
2009,1,Straordinaria,526114
2009,1,Deroga,31114
2009,2,Ordinaria,2041927
2009,2,Straordinaria,217688
2009,2,Deroga,4432
2009,3,Ordinaria,2620419
2009,3,Straordinaria,602144
2009,3,Deroga,2757437
2009,4,Ordinaria,1600844
2009,4,Straordinaria,804641
2009,4,Deroga,85976
2009,5,Ordinaria,3813938
2009,5,Straordinaria,650439
2009,5,Deroga,427810
2009,6,Ordinaria,3523387
2009,6,Straordinaria,435388
2009,6,Deroga,160231
2009,7,Ordinaria,2923963
2009,7,Straordinaria,752426
2009,7,Deroga,221255
2009,8,Ordinaria,4281136
2009,8,Straordinaria,0
2009,8,Deroga,180562
2009,9,Ordinaria,7783655
2009,9,Straordinaria,1871976
2009,9,Deroga,717642
2009,10,Ordinaria,4391508
2009,10,Straordinaria,366279
2009,10,Deroga,627875
2009,11,Ordinaria,2678605
2009,11,Straordinaria,922595
2009,11,Deroga,772659
2009,12,Ordinaria,1844605
2009,12,Straordinaria,690843
2009,12,Deroga,656383
2010,1,Ordinaria,3106202
2010,1,Straordinaria,1845636
2010,1,Deroga,364995
2010,2,Ordinaria,2250435
2010,2,Straordinaria,2988707
2010,2,Deroga,566423
2010,3,Ordinaria,2037264
2010,3,Straordinaria,2165192
2010,3,Deroga,656069
2010,4,Ordinaria,2261462
2010,4,Straordinaria,1973724
2010,4,Deroga,954014
2010,5,Ordinaria,1512952
2010,5,Straordinaria,1583264
2010,5,Deroga,1927230
2010,6,Ordinaria,1674702
2010,6,Straordinaria,2048582
2010,6,Deroga,814642
2010,7,Ordinaria,900392
2010,7,Straordinaria,970825
2010,7,Deroga,1097084
2010,8,Ordinaria,455073
2010,8,Straordinaria,798388
2010,8,Deroga,1286183
2010,9,Ordinaria,1735109
2010,9,Straordinaria,928750
2010,9,Deroga,801573
2010,10,Ordinaria,1567042
2010,10,Straordinaria,1866646
2010,10,Deroga,468616
2010,11,Ordinaria,1114589
2010,11,Straordinaria,1290960
2010,11,Deroga,448477
2010,12,Ordinaria,1653819
2010,12,Straordinaria,1910272
2010,12,Deroga,431073
2011,1,Ordinaria,859578
2011,1,Straordinaria,114432
2011,1,Deroga,452122
2011,2,Ordinaria,705303
2011,2,Straordinaria,1752438
2011,2,Deroga,557285
2011,3,Ordinaria,2406354
2011,3,Straordinaria,984290
2011,3,Deroga,572205
2011,4,Ordinaria,1745815
2011,4,Straordinaria,1388598
2011,4,Deroga,194735
2011,5,Ordinaria,812425
2011,5,Straordinaria,1089093
2011,5,Deroga,368010
2011,6,Ordinaria,1675799
2011,6,Straordinaria,1191309
2011,6,Deroga,553852
2011,7,Ordinaria,835735
2011,7,Straordinaria,1451312
2011,7,Deroga,311978
2011,8,Ordinaria,499530
2011,8,Straordinaria,1035349
2011,8,Deroga,175267
2011,9,Ordinaria,1571991
2011,9,Straordinaria,216236
2011,9,Deroga,300520
2011,10,Ordinaria,1315658
2011,10,Straordinaria,610844
2011,10,Deroga,1183775
2011,11,Ordinaria,1389838
2011,11,Straordinaria,627063
2011,11,Deroga,745195
2011,12,Ordinaria,803258
2011,12,Straordinaria,674266
2011,12,Deroga,166275
2012,1,Ordinaria,1808637
2012,1,Straordinaria,1401093
2012,1,Deroga,367138
2012,2,Ordinaria,1643705
2012,2,Straordinaria,342146
2012,2,Deroga,232128
2012,3,Ordinaria,1426593
2012,3,Straordinaria,548092
2012,3,Deroga,523560
2012,4,Ordinaria,1629708
2012,4,Straordinaria,633812
2012,4,Deroga,639393
2012,5,Ordinaria,1902031
2012,5,Straordinaria,2458147
2012,5,Deroga,594916
2012,6,Ordinaria,1980909
2012,6,Straordinaria,179224
2012,6,Deroga,388744
2012,7,Ordinaria,2571263
2012,7,Straordinaria,1031179
2012,7,Deroga,188617
2012,8,Ordinaria,1244474
2012,8,Straordinaria,49212
2012,8,Deroga,278794
2012,9,Ordinaria,1801535
2012,9,Straordinaria,925732
2012,9,Deroga,295419
2012,10,Ordinaria,1829264
2012,10,Straordinaria,1145049
2012,10,Deroga,361819
2012,11,Ordinaria,2682326
2012,11,Straordinaria,1425993
2012,11,Deroga,432217
2012,12,Ordinaria,3077687
2012,12,Straordinaria,895516
2012,12,Deroga,524903
2013,1,Ordinaria,1374659
2013,1,Straordinaria,2177021
2013,1,Deroga,313396
2013,2,Ordinaria,1807890
2013,2,Straordinaria,784192
2013,2,Deroga,133469
2013,3,Ordinaria,2709924
2013,3,Straordinaria,1420691
2013,3,Deroga,195091
2013,4,Ordinaria,2588946
2013,4,Straordinaria,1949419
2013,4,Deroga,574518
2013,5,Ordinaria,2254166
2013,5,Straordinaria,1177570
2013,5,Deroga,152293
2013,6,Ordinaria,643463
2013,6,Straordinaria,558033
2013,6,Deroga,0
2013,7,Ordinaria,2615783
2013,7,Straordinaria,1084031
2013,7,Deroga,518447
2013,8,Ordinaria,0
2013,8,Straordinaria,94132
2013,8,Deroga,1438751
2013,9,Ordinaria,2175770
2013,9,Straordinaria,2503351
2013,9,Deroga,351913
2013,10,Ordinaria,2719416
2013,10,Straordinaria,1082985
2013,10,Deroga,146447
2013,11,Ordinaria,959089
2013,11,Straordinaria,342341
2013,11,Deroga,338941
2013,12,Ordinaria,489499
2013,12,Straordinaria,1065459
2013,12,Deroga,515878
2014,1,Ordinaria,1092459
2014,1,Straordinaria,1290935
2014,1,Deroga,14486
2014,2,Ordinaria,791977
2014,2,Straordinaria,1380719
2014,2,Deroga,534569
2014,3,Ordinaria,2592752
2014,3,Straordinaria,3770138
2014,3,Deroga,442953
2014,4,Ordinaria,1058828
2014,4,Straordinaria,634090
2014,4,Deroga,521541
2014,5,Ordinaria,889694
2014,5,Straordinaria,1329853
2014,5,Deroga,313045
2014,6,Ordinaria,2694523
2014,6,Straordinaria,795916
2014,6,Deroga,621733
2014,7,Ordinaria,807487
2014,7,Straordinaria,1273110
2014,7,Deroga,77403
2014,8,Ordinaria,486526
2014,8,Straordinaria,1041658
2014,8,Deroga,0
2014,9,Ordinaria,931706
2014,9,Straordinaria,1392524
2014,9,Deroga,16540
2014,10,Ordinaria,1188358
2014,10,Straordinaria,1360338
2014,10,Deroga,953061
2014,11,Ordinaria,2084781
2014,11,Straordinaria,413288
2014,11,Deroga,9828
2014,12,Ordinaria,944829
2014,12,Straordinaria,787253
2014,12,Deroga,967182
2015,1,Ordinaria,666767
2015,1,Straordinaria,724801
2015,1,Deroga,252091
2015,2,Ordinaria,551338
2015,2,Straordinaria,3343565
2015,2,Deroga,5193
2015,3,Ordinaria,2171713
2015,3,Straordinaria,225006
2015,3,Deroga,628
2015,4,Ordinaria,1257816
2015,4,Straordinaria,443692
2015,4,Deroga,64
2015,5,Ordinaria,1980240
2015,5,Straordinaria,934842
2015,5,Deroga,12416
2015,6,Ordinaria,985651
2015,6,Straordinaria,522105
2015,6,Deroga,185715
2015,7,Ordinaria,1497455
2015,7,Straordinaria,294167
2015,7,Deroga,153628
2015,8,Ordinaria,0
2015,8,Straordinaria,30382
2015,8,Deroga,49103
2015,9,Ordinaria,470001
2015,9,Straordinaria,715097
2015,9,Deroga,146688
2015,10,Ordinaria,2256997
2015,10,Straordinaria,1193054
2015,10,Deroga,13335
2015,11,Ordinaria,0
2015,11,Straordinaria,813451
2015,11,Deroga,98084
2015,12,Ordinaria,280315
2015,12,Straordinaria,319036
2015,12,Deroga,172353
2016,1,Ordinaria,0
2016,1,Straordinaria,187200
2016,1,Deroga,62287
2016,2,Ordinaria,483115
2016,2,Straordinaria,1063109
2016,2,Deroga,158571
2016,3,Ordinaria,44595
2016,3,Straordinaria,615330
2016,3,Deroga,162950
2016,4,Ordinaria,401056
2016,4,Straordinaria,342676
2016,4,Deroga,158159
2016,5,Ordinaria,813417
2016,5,Straordinaria,1852594
2016,5,Deroga,90337
2016,6,Ordinaria,641090
2016,6,Straordinaria,254001
2016,6,Deroga,131048
2016,7,Ordinaria,962853
2016,7,Straordinaria,743689
2016,7,Deroga,37024
2016,8,Ordinaria,508552
2016,8,Straordinaria,22863
2016,8,Deroga,9997
2016,9,Ordinaria,51691
2016,9,Straordinaria,651946
2016,9,Deroga,105388
2016,10,Ordinaria,269468
2016,10,Straordinaria,67286
2016,10,Deroga,49537
2016,11,Ordinaria,327941
2016,11,Straordinaria,1143040
2016,11,Deroga,33862
2016,12,Ordinaria,592445
2016,12,Straordinaria,922882
2016,12,Deroga,34893
2017,1,Ordinaria,34449
2017,1,Straordinaria,0
2017,1,Deroga,14170
2017,2,Ordinaria,137625
2017,2,Straordinaria,46814
2017,2,Deroga,49031
2017,3,Ordinaria,446234
2017,3,Straordinaria,156783
2017,3,Deroga,100732
2017,4,Ordinaria,465436
2017,4,Straordinaria,0
2017,4,Deroga,34615
2017,5,Ordinaria,641568
2017,5,Straordinaria,732932
2017,5,Deroga,540
2017,6,Ordinaria,310869
2017,6,Straordinaria,261401
2017,6,Deroga,46835
2017,7,Ordinaria,54893
2017,7,Straordinaria,411554
2017,7,Deroga,51362
2017,8,Ordinaria,783991
2017,8,Straordinaria,98471
2017,8,Deroga,39896
2017,9,Ordinaria,106193
2017,9,Straordinaria,377676
2017,9,Deroga,0
2017,10,Ordinaria,445426
2017,10,Straordinaria,179584
2017,10,Deroga,460
2017,11,Ordinaria,517276
2017,11,Straordinaria,268623
2017,11,Deroga,0
2017,12,Ordinaria,848769
2017,12,Straordinaria,250251
2017,12,Deroga,0
2018,1,Ordinaria,334272
2018,1,Straordinaria,951976
2018,1,Deroga,0
2018,2,Ordinaria,564814
2018,2,Straordinaria,68544
2018,2,Deroga,0
2018,3,Ordinaria,286877
2018,3,Straordinaria,2752
2018,3,Deroga,0
2018,4,Ordinaria,334524
2018,4,Straordinaria,148043
2018,4,Deroga,0
2018,5,Ordinaria,213248
2018,5,Straordinaria,738603
2018,5,Deroga,0
2018,6,Ordinaria,482290
2018,6,Straordinaria,0
2018,6,Deroga,0
2018,7,Ordinaria,332545
2018,7,Straordinaria,77634
2018,7,Deroga,0
2018,8,Ordinaria,5534
2018,8,Straordinaria,0
2018,8,Deroga,0
2018,9,Ordinaria,352384
2018,9,Straordinaria,289806
2018,9,Deroga,0
2018,10,Ordinaria,123394
2018,10,Straordinaria,183240
2018,10,Deroga,0
2018,11,Ordinaria,80976
2018,11,Straordinaria,13500
2018,11,Deroga,0
2018,12,Ordinaria,450005
2018,12,Straordinaria,222004
2018,12,Deroga,0
2019,1,Ordinaria,409028
2019,1,Straordinaria,77366
2019,1,Deroga,0
2019,2,Ordinaria,146805
2019,2,Straordinaria,112733
2019,2,Deroga,0
2019,3,Ordinaria,963515
2019,3,Straordinaria,104624
2019,3,Deroga,0
2019,4,Ordinaria,297733
2019,4,Straordinaria,124144
2019,4,Deroga,0
2019,5,Ordinaria,302492
2019,5,Straordinaria,231760
2019,5,Deroga,0
2019,6,Ordinaria,1020043
2019,6,Straordinaria,255034
2019,6,Deroga,0
2019,7,Ordinaria,31450
2019,7,Straordinaria,302198
2019,7,Deroga,0
2019,8,Ordinaria,0
2019,8,Straordinaria,0
2019,8,Deroga,0
2019,9,Ordinaria,216542
2019,9,Straordinaria,152183
2019,9,Deroga,0
2019,10,Ordinaria,687527
2019,10,Straordinaria,93742
2019,10,Deroga,71
2019,11,Ordinaria,654619
2019,11,Straordinaria,154938
2019,11,Deroga,0
2019,12,Ordinaria,480453
2019,12,Straordinaria,26288
2019,12,Deroga,0
2020,1,Ordinaria,159474
2020,1,Straordinaria,172897
2020,1,Deroga,0
2020,2,Ordinaria,592364
2020,2,Straordinaria,0
2020,2,Deroga,0
2020,3,Ordinaria,779748
2020,3,Straordinaria,80261
2020,3,Deroga,0
2020,4,Ordinaria,15311321
2020,4,Straordinaria,2087237
2020,4,Deroga,389634
2020,5,Ordinaria,4968531
2020,5,Straordinaria,1988551
2020,5,Deroga,5538746
2020,6,Ordinaria,3491645
2020,6,Straordinaria,2681144
2020,6,Deroga,1694563
2020,7,Ordinaria,1706877
2020,7,Straordinaria,1384250
2020,7,Deroga,1590120
2020,8,Ordinaria,3924498
2020,8,Straordinaria,0
2020,8,Deroga,554887
2020,9,Ordinaria,1359807
2020,9,Straordinaria,379450
2020,9,Deroga,586608
2020,10,Ordinaria,6465664
2020,10,Straordinaria,435617
2020,10,Deroga,916371
2020,11,Ordinaria,5245948
2020,11,Straordinaria,11342
2020,11,Deroga,1992242
2020,12,Ordinaria,2007135
2020,12,Straordinaria,1720
2020,12,Deroga,1580077
2021,1,Ordinaria,660036
2021,1,Straordinaria,213190
2021,1,Deroga,486757
2021,2,Ordinaria,107441
2021,2,Straordinaria,72086
2021,2,Deroga,1536795
2021,3,Ordinaria,7441421
2021,3,Straordinaria,85917
2021,3,Deroga,3026867
2021,4,Ordinaria,707845
2021,4,Straordinaria,524992
2021,4,Deroga,733999
2021,5,Ordinaria,100218
2021,5,Straordinaria,769903
2021,5,Deroga,2385164
2021,6,Ordinaria,7875221
2021,6,Straordinaria,26912
2021,6,Deroga,4609068
2021,7,Ordinaria,1090631
2021,7,Straordinaria,11932
2021,7,Deroga,1055815
2021,8,Ordinaria,1167209
2021,8,Straordinaria,0
2021,8,Deroga,2526062
2021,9,Ordinaria,669604
2021,9,Straordinaria,36490
2021,9,Deroga,322330
2021,10,Ordinaria,1252732
2021,10,Straordinaria,61381
2021,10,Deroga,338319
2021,11,Ordinaria,532979
2021,11,Straordinaria,762371
2021,11,Deroga,190796
2021,12,Ordinaria,1297305
2021,12,Straordinaria,1679255
2021,12,Deroga,900801
2022,1,Ordinaria,381934
2022,1,Straordinaria,116969
2022,1,Deroga,90498
2022,2,Ordinaria,202143
2022,2,Straordinaria,2803916
2022,2,Deroga,23865
2022,3,Ordinaria,655718
2022,3,Straordinaria,607163
2022,3,Deroga,10446
2022,4,Ordinaria,407951
2022,4,Straordinaria,979871
2022,4,Deroga,5564
2022,5,Ordinaria,586295
2022,5,Straordinaria,83200
2022,5,Deroga,360
2022,6,Ordinaria,178927
2022,6,Straordinaria,484667
2022,6,Deroga,520
2022,7,Ordinaria,146410
2022,7,Straordinaria,99334
2022,7,Deroga,765
2022,8,Ordinaria,387614
2022,8,Straordinaria,155995
2022,8,Deroga,0
2022,9,Ordinaria,797662
2022,9,Straordinaria,42482
2022,9,Deroga,0
2022,10,Ordinaria,1030328
2022,10,Straordinaria,161260
2022,10,Deroga,0
2022,11,Ordinaria,812618
2022,11,Straordinaria,60531
2022,11,Deroga,0
2022,12,Ordinaria,684537
2022,12,Straordinaria,74498
2022,12,Deroga,0
2023,1,Ordinaria,879090
2023,1,Straordinaria,4420
2023,1,Deroga,0
2023,2,Ordinaria,289624
2023,2,Straordinaria,993228
2023,2,Deroga,0
2023,3,Ordinaria,982862
2023,3,Straordinaria,160504
2023,3,Deroga,0
2023,4,Ordinaria,543348
2023,4,Straordinaria,274348
2023,4,Deroga,0
2023,5,Ordinaria,926454
2023,5,Straordinaria,139554
2023,5,Deroga,0
2023,6,Ordinaria,685300
2023,6,Straordinaria,320822
2023,6,Deroga,0
2023,7,Ordinaria,444194
2023,7,Straordinaria,36978
2023,7,Deroga,0
2023,8,Ordinaria,304268
2023,8,Straordinaria,71338
2023,8,Deroga,0
2023,9,Ordinaria,875460
2023,9,Straordinaria,115850
2023,9,Deroga,0
2023,10,Ordinaria,1006236
2023,10,Straordinaria,114670
2023,10,Deroga,0
2023,11,Ordinaria,1080306
2023,11,Straordinaria,3174
2023,11,Deroga,0
2023,12,Ordinaria,476960
2023,12,Straordinaria,4686
2023,12,Deroga,0
2024,1,Ordinaria,989452
2024,1,Straordinaria,0
2024,1,Deroga,0
2024,2,Ordinaria,1557842
2024,2,Straordinaria,576
2024,2,Deroga,0
2024,3,Ordinaria,382326
2024,3,Straordinaria,128206
2024,3,Deroga,0
2024,4,Ordinaria,1004240
2024,4,Straordinaria,0
2024,4,Deroga,0
2024,5,Ordinaria,855648
2024,5,Straordinaria,291956
2024,5,Deroga,0
2024,6,Ordinaria,1483466
2024,6,Straordinaria,754002
2024,6,Deroga,0
2024,7,Ordinaria,429854
2024,7,Straordinaria,147316
2024,7,Deroga,0
2024,8,Ordinaria,962122
2024,8,Straordinaria,104004
2024,8,Deroga,0
2024,9,Ordinaria,919066
2024,9,Straordinaria,0
2024,9,Deroga,0
2024,10,Ordinaria,756560
2024,10,Straordinaria,270926
2024,10,Deroga,0
2024,11,Ordinaria,1181226
2024,11,Straordinaria,335768
2024,11,Deroga,0
2024,12,Ordinaria,461594
2024,12,Straordinaria,129570
2024,12,Deroga,0
2025,1,Ordinaria,865246
2025,1,Straordinaria,0
2025,1,Deroga,0
2025,2,Ordinaria,1263286
2025,2,Straordinaria,543810
2025,2,Deroga,0
2025,3,Ordinaria,1022120
2025,3,Straordinaria,100458
2025,3,Deroga,0
2025,4,Ordinaria,1010204
2025,4,Straordinaria,248848
2025,4,Deroga,0
2025,5,Ordinaria,378956
2025,5,Straordinaria,0
2025,5,Deroga,0
2025,6,Ordinaria,1249700
2025,6,Straordinaria,389520
2025,6,Deroga,0
2025,7,Ordinaria,622692
2025,7,Straordinaria,576232
2025,7,Deroga,0
2025,8,Ordinaria,40260
2025,8,Straordinaria,20304
2025,8,Deroga,0
2025,9,Ordinaria,673422
2025,9,Straordinaria,38048
2025,9,Deroga,0
2025,10,Ordinaria,2004208
2025,10,Straordinaria,1680096
2025,10,Deroga,0
2025,11,Ordinaria,711862
2025,11,Straordinaria,106080
2025,11,Deroga,0
2025,12,Ordinaria,411766
2025,12,Straordinaria,113192
2025,12,Deroga,0
2026,1,Ordinaria,546498
2026,1,Straordinaria,412056
2026,1,Deroga,0
2026,2,Ordinaria,840194
2026,2,Straordinaria,6555316
2026,2,Deroga,0
2026,3,Ordinaria,559092
2026,3,Straordinaria,22522
2026,3,Deroga,0
2026,4,Ordinaria,401180
2026,4,Straordinaria,155642
2026,4,Deroga,0
2026,5,Ordinaria,900510
2026,5,Straordinaria,213804
2026,5,Deroga,0
2026,6,Ordinaria,669088
2026,6,Straordinaria,23808
2026,6,Deroga,0
