REF_AREA,DATA_TYPE,SEX,AGE,TIME_PERIOD,OBS_VALUE,OBS_STATUS
IT,UNEM_R,1,Y15-24,2018,30.387017,
IT,UNEM_R,1,Y15-24,2019,27.778004,
IT,UNEM_R,1,Y15-24,2020,28.357399,
IT,UNEM_R,1,Y15-24,2021,27.658222,
IT,UNEM_R,1,Y15-24,2022,22.294831,
IT,UNEM_R,1,Y15-24,2023,21.083284,
IT,UNEM_R,1,Y15-24,2024,19.171425,
IT,UNEM_R,1,Y15-24,2025,19.472639,
IT,UNEM_R,1,Y15-34,2018,18.361305,
IT,UNEM_R,1,Y15-34,2019,17.056191,
IT,UNEM_R,1,Y15-34,2020,16.879393,
IT,UNEM_R,1,Y15-34,2021,16.73576,
IT,UNEM_R,1,Y15-34,2022,12.954769,
IT,UNEM_R,1,Y15-34,2023,12.484606,
IT,UNEM_R,1,Y15-34,2024,11.140648,
IT,UNEM_R,1,Y15-34,2025,10.886938,
IT,UNEM_R,1,Y15-64,2018,9.938983,
IT,UNEM_R,1,Y15-64,2019,9.274854,
IT,UNEM_R,1,Y15-64,2020,8.76976,
IT,UNEM_R,1,Y15-64,2021,8.87436,
IT,UNEM_R,1,Y15-64,2022,7.278443,
IT,UNEM_R,1,Y15-64,2023,6.959521,
IT,UNEM_R,1,Y15-64,2024,6.03491,
IT,UNEM_R,1,Y15-64,2025,5.826225,
IT,UNEM_R,1,Y15-74,2018,9.733529,
IT,UNEM_R,1,Y15-74,2019,9.095009,
IT,UNEM_R,1,Y15-74,2020,8.58323,
IT,UNEM_R,1,Y15-74,2021,8.702505,
IT,UNEM_R,1,Y15-74,2022,7.139656,
IT,UNEM_R,1,Y15-74,2023,6.806493,
IT,UNEM_R,1,Y15-74,2024,5.890875,
IT,UNEM_R,1,Y15-74,2025,5.680791,
IT,UNEM_R,1,Y20-64,2018,9.601647,
IT,UNEM_R,1,Y20-64,2019,8.959016,
IT,UNEM_R,1,Y20-64,2020,8.460973,
IT,UNEM_R,1,Y20-64,2021,8.538449,
IT,UNEM_R,1,Y20-64,2022,7.028067,
IT,UNEM_R,1,Y20-64,2023,6.714675,
IT,UNEM_R,1,Y20-64,2024,5.797612,
IT,UNEM_R,1,Y20-64,2025,5.645999,
IT,UNEM_R,1,Y25-34,2018,14.357478,
IT,UNEM_R,1,Y25-34,2019,13.488951,
IT,UNEM_R,1,Y25-34,2020,13.062326,
IT,UNEM_R,1,Y25-34,2021,13.03841,
IT,UNEM_R,1,Y25-34,2022,9.731255,
IT,UNEM_R,1,Y25-34,2023,9.489122,
IT,UNEM_R,1,Y25-34,2024,8.410659,
IT,UNEM_R,1,Y25-34,2025,8.293673,
IT,UNEM_R,1,Y35-49,2018,7.502889,
IT,UNEM_R,1,Y35-49,2019,7.271474,
IT,UNEM_R,1,Y35-49,2020,6.712086,
IT,UNEM_R,1,Y35-49,2021,6.654082,
IT,UNEM_R,1,Y35-49,2022,5.754569,
IT,UNEM_R,1,Y35-49,2023,5.609824,
IT,UNEM_R,1,Y35-49,2024,4.783126,
IT,UNEM_R,1,Y35-49,2025,4.679249,
IT,UNEM_R,1,Y50-74,2018,6.328581,
IT,UNEM_R,1,Y50-74,2019,5.745385,
IT,UNEM_R,1,Y50-74,2020,5.211282,
IT,UNEM_R,1,Y50-74,2021,5.546102,
IT,UNEM_R,1,Y50-74,2022,4.751878,
IT,UNEM_R,1,Y50-74,2023,4.339433,
IT,UNEM_R,1,Y50-74,2024,3.695646,
IT,UNEM_R,1,Y50-74,2025,3.549669,
IT,UNEM_R,2,Y15-24,2018,34.8647,
IT,UNEM_R,2,Y15-24,2019,31.147114,
IT,UNEM_R,2,Y15-24,2020,32.135305,
IT,UNEM_R,2,Y15-24,2021,32.831951,
IT,UNEM_R,2,Y15-24,2022,25.81487,
IT,UNEM_R,2,Y15-24,2023,25.232824,
IT,UNEM_R,2,Y15-24,2024,22.195369,
IT,UNEM_R,2,Y15-24,2025,22.241351,
IT,UNEM_R,2,Y15-34,2018,21.501513,
IT,UNEM_R,2,Y15-34,2019,19.777937,
IT,UNEM_R,2,Y15-34,2020,19.409403,
IT,UNEM_R,2,Y15-34,2021,19.384712,
IT,UNEM_R,2,Y15-34,2022,16.432924,
IT,UNEM_R,2,Y15-34,2023,14.59778,
IT,UNEM_R,2,Y15-34,2024,12.600326,
IT,UNEM_R,2,Y15-34,2025,12.473436,
IT,UNEM_R,2,Y15-64,2018,11.869912,
IT,UNEM_R,2,Y15-64,2019,11.219631,
IT,UNEM_R,2,Y15-64,2020,10.549013,
IT,UNEM_R,2,Y15-64,2021,10.803369,
IT,UNEM_R,2,Y15-64,2022,9.477467,
IT,UNEM_R,2,Y15-64,2023,8.900825,
IT,UNEM_R,2,Y15-64,2024,7.452382,
IT,UNEM_R,2,Y15-64,2025,6.900917,
IT,UNEM_R,2,Y15-74,2018,11.724302,
IT,UNEM_R,2,Y15-74,2019,11.050233,
IT,UNEM_R,2,Y15-74,2020,10.381348,
IT,UNEM_R,2,Y15-74,2021,10.641733,
IT,UNEM_R,2,Y15-74,2022,9.361424,
IT,UNEM_R,2,Y15-74,2023,8.770317,
IT,UNEM_R,2,Y15-74,2024,7.346544,
IT,UNEM_R,2,Y15-74,2025,6.768966,
IT,UNEM_R,2,Y20-64,2018,11.557592,
IT,UNEM_R,2,Y20-64,2019,10.920924,
IT,UNEM_R,2,Y20-64,2020,10.315684,
IT,UNEM_R,2,Y20-64,2021,10.54235,
IT,UNEM_R,2,Y20-64,2022,9.212374,
IT,UNEM_R,2,Y20-64,2023,8.694417,
IT,UNEM_R,2,Y20-64,2024,7.261395,
IT,UNEM_R,2,Y20-64,2025,6.751798,
IT,UNEM_R,2,Y25-34,2018,17.602894,
IT,UNEM_R,2,Y25-34,2019,16.403329,
IT,UNEM_R,2,Y25-34,2020,15.935964,
IT,UNEM_R,2,Y25-34,2021,15.551684,
IT,UNEM_R,2,Y25-34,2022,13.615083,
IT,UNEM_R,2,Y25-34,2023,11.411712,
IT,UNEM_R,2,Y25-34,2024,10.027578,
IT,UNEM_R,2,Y25-34,2025,9.93025,
IT,UNEM_R,2,Y35-49,2018,10.53435,
IT,UNEM_R,2,Y35-49,2019,10.300963,
IT,UNEM_R,2,Y35-49,2020,9.430164,
IT,UNEM_R,2,Y35-49,2021,9.478742,
IT,UNEM_R,2,Y35-49,2022,8.517968,
IT,UNEM_R,2,Y35-49,2023,8.444213,
IT,UNEM_R,2,Y35-49,2024,6.928252,
IT,UNEM_R,2,Y35-49,2025,6.511399,
IT,UNEM_R,2,Y50-74,2018,5.977829,
IT,UNEM_R,2,Y50-74,2019,5.776517,
IT,UNEM_R,2,Y50-74,2020,5.619488,
IT,UNEM_R,2,Y50-74,2021,6.204735,
IT,UNEM_R,2,Y50-74,2022,5.612994,
IT,UNEM_R,2,Y50-74,2023,5.414497,
IT,UNEM_R,2,Y50-74,2024,4.570382,
IT,UNEM_R,2,Y50-74,2025,3.767757,
IT,UNEM_R,9,Y15-24,2018,32.208376,
IT,UNEM_R,9,Y15-24,2019,29.158319,
IT,UNEM_R,9,Y15-24,2020,29.806888,
IT,UNEM_R,9,Y15-24,2021,29.676103,
IT,UNEM_R,9,Y15-24,2022,23.703012,
IT,UNEM_R,9,Y15-24,2023,22.725872,
IT,UNEM_R,9,Y15-24,2024,20.316079,
IT,UNEM_R,9,Y15-24,2025,20.564626,
IT,UNEM_R,9,Y15-34,2018,19.71559,
IT,UNEM_R,9,Y15-34,2019,18.228867,
IT,UNEM_R,9,Y15-34,2020,17.94235,
IT,UNEM_R,9,Y15-34,2021,17.852645,
IT,UNEM_R,9,Y15-34,2022,14.434771,
IT,UNEM_R,9,Y15-34,2023,13.379384,
IT,UNEM_R,9,Y15-34,2024,11.756992,
IT,UNEM_R,9,Y15-34,2025,11.557057,
IT,UNEM_R,9,Y15-64,2018,10.769732,
IT,UNEM_R,9,Y15-64,2019,10.113914,
IT,UNEM_R,9,Y15-64,2020,9.530288,
IT,UNEM_R,9,Y15-64,2021,9.704693,
IT,UNEM_R,9,Y15-64,2022,8.226226,
IT,UNEM_R,9,Y15-64,2023,7.797615,
IT,UNEM_R,9,Y15-64,2024,6.646077,
IT,UNEM_R,9,Y15-64,2025,6.289563,
IT,UNEM_R,9,Y15-74,2018,10.584862,
IT,UNEM_R,9,Y15-74,2019,9.934087,
IT,UNEM_R,9,Y15-74,2020,9.348279,
IT,UNEM_R,9,Y15-74,2021,9.532253,
IT,UNEM_R,9,Y15-74,2022,8.092089,
IT,UNEM_R,9,Y15-74,2023,7.650163,
IT,UNEM_R,9,Y15-74,2024,6.515803,
IT,UNEM_R,9,Y15-74,2025,6.147805,
IT,UNEM_R,9,Y20-64,2018,10.444246,
IT,UNEM_R,9,Y20-64,2019,9.806329,
IT,UNEM_R,9,Y20-64,2020,9.254824,
IT,UNEM_R,9,Y20-64,2021,9.402401,
IT,UNEM_R,9,Y20-64,2022,7.970066,
IT,UNEM_R,9,Y20-64,2023,7.570572,
IT,UNEM_R,9,Y20-64,2024,6.430023,
IT,UNEM_R,9,Y20-64,2025,6.123053,
IT,UNEM_R,9,Y25-34,2018,15.782162,
IT,UNEM_R,9,Y25-34,2019,14.764191,
IT,UNEM_R,9,Y25-34,2020,14.301807,
IT,UNEM_R,9,Y25-34,2021,14.123189,
IT,UNEM_R,9,Y25-34,2022,11.416115,
IT,UNEM_R,9,Y25-34,2023,10.320544,
IT,UNEM_R,9,Y25-34,2024,9.115215,
IT,UNEM_R,9,Y25-34,2025,8.997963,
IT,UNEM_R,9,Y35-49,2018,8.828273,
IT,UNEM_R,9,Y35-49,2019,8.595733,
IT,UNEM_R,9,Y35-49,2020,7.891248,
IT,UNEM_R,9,Y35-49,2021,7.888959,
IT,UNEM_R,9,Y35-49,2022,6.964051,
IT,UNEM_R,9,Y35-49,2023,6.858041,
IT,UNEM_R,9,Y35-49,2024,5.726435,
IT,UNEM_R,9,Y35-49,2025,5.479285,
IT,UNEM_R,9,Y50-74,2018,6.183469,
IT,UNEM_R,9,Y50-74,2019,5.758427,
IT,UNEM_R,9,Y50-74,2020,5.382678,
IT,UNEM_R,9,Y50-74,2021,5.824169,
IT,UNEM_R,9,Y50-74,2022,5.114949,
IT,UNEM_R,9,Y50-74,2023,4.794334,
IT,UNEM_R,9,Y50-74,2024,4.066421,
IT,UNEM_R,9,Y50-74,2025,3.642658,
IT108,UNEM_R,1,Y15-24,2018,19.269565,
IT108,UNEM_R,1,Y15-24,2019,30.512193,
IT108,UNEM_R,1,Y15-24,2020,25.832151,
IT108,UNEM_R,1,Y15-24,2021,27.737015,
IT108,UNEM_R,1,Y15-24,2022,26.041348,
IT108,UNEM_R,1,Y15-24,2023,16.715004,
IT108,UNEM_R,1,Y15-24,2024,15.018394,
IT108,UNEM_R,1,Y15-24,2025,20.723497,
IT108,UNEM_R,1,Y15-34,2018,12.845613,
IT108,UNEM_R,1,Y15-34,2019,12.493036,
IT108,UNEM_R,1,Y15-34,2020,9.423073,
IT108,UNEM_R,1,Y15-34,2021,15.783215,
IT108,UNEM_R,1,Y15-34,2022,10.981244,
IT108,UNEM_R,1,Y15-34,2023,7.385092,
IT108,UNEM_R,1,Y15-34,2024,8.894454,
IT108,UNEM_R,1,Y15-34,2025,7.754588,
IT108,UNEM_R,1,Y15-64,2018,5.471498,
IT108,UNEM_R,1,Y15-64,2019,5.268781,
IT108,UNEM_R,1,Y15-64,2020,4.089677,
IT108,UNEM_R,1,Y15-64,2021,6.863317,
IT108,UNEM_R,1,Y15-64,2022,4.015909,
IT108,UNEM_R,1,Y15-64,2023,2.983547,
IT108,UNEM_R,1,Y15-64,2024,3.18139,
IT108,UNEM_R,1,Y15-64,2025,3.414312,
IT108,UNEM_R,1,Y15-74,2018,5.405023,
IT108,UNEM_R,1,Y15-74,2019,5.323157,
IT108,UNEM_R,1,Y15-74,2020,3.998797,
IT108,UNEM_R,1,Y15-74,2021,6.792898,
IT108,UNEM_R,1,Y15-74,2022,3.975815,
IT108,UNEM_R,1,Y15-74,2023,2.911686,
IT108,UNEM_R,1,Y15-74,2024,3.113384,
IT108,UNEM_R,1,Y15-74,2025,3.367456,
IT108,UNEM_R,1,Y20-64,2018,5.087042,
IT108,UNEM_R,1,Y20-64,2019,4.789154,
IT108,UNEM_R,1,Y20-64,2020,3.722946,
IT108,UNEM_R,1,Y20-64,2021,6.835833,
IT108,UNEM_R,1,Y20-64,2022,3.775907,
IT108,UNEM_R,1,Y20-64,2023,2.996563,
IT108,UNEM_R,1,Y20-64,2024,3.191349,
IT108,UNEM_R,1,Y20-64,2025,2.682484,
IT108,UNEM_R,1,Y25-34,2018,10.839218,
IT108,UNEM_R,1,Y25-34,2019,7.178569,
IT108,UNEM_R,1,Y25-34,2020,5.292938,
IT108,UNEM_R,1,Y25-34,2021,12.934843,
IT108,UNEM_R,1,Y25-34,2022,5.807775,
IT108,UNEM_R,1,Y25-34,2023,4.808308,
IT108,UNEM_R,1,Y25-34,2024,7.592316,
IT108,UNEM_R,1,Y25-34,2025,3.230826,
IT108,UNEM_R,1,Y35-49,2018,2.196596,
IT108,UNEM_R,1,Y35-49,2019,2.64342,
IT108,UNEM_R,1,Y35-49,2020,2.691674,
IT108,UNEM_R,1,Y35-49,2021,4.023595,
IT108,UNEM_R,1,Y35-49,2022,1.794289,
IT108,UNEM_R,1,Y35-49,2023,1.131946,
IT108,UNEM_R,1,Y35-49,2024,0.724824,
IT108,UNEM_R,1,Y35-49,2025,2.060971,
IT108,UNEM_R,1,Y50-74,2018,4.855783,
IT108,UNEM_R,1,Y50-74,2019,3.875113,
IT108,UNEM_R,1,Y50-74,2020,2.384784,
IT108,UNEM_R,1,Y50-74,2021,3.664209,
IT108,UNEM_R,1,Y50-74,2022,2.027888,
IT108,UNEM_R,1,Y50-74,2023,2.246089,
IT108,UNEM_R,1,Y50-74,2024,1.951434,
IT108,UNEM_R,1,Y50-74,2025,2.19408,
IT108,UNEM_R,2,Y15-24,2018,17.763356,
IT108,UNEM_R,2,Y15-24,2019,37.136836,
IT108,UNEM_R,2,Y15-24,2020,25.49982,
IT108,UNEM_R,2,Y15-24,2021,31.712963,
IT108,UNEM_R,2,Y15-24,2022,14.734549,
IT108,UNEM_R,2,Y15-24,2023,16.737064,
IT108,UNEM_R,2,Y15-24,2024,7.647712,
IT108,UNEM_R,2,Y15-24,2025,18.699069,
IT108,UNEM_R,2,Y15-34,2018,13.208219,
IT108,UNEM_R,2,Y15-34,2019,16.775724,
IT108,UNEM_R,2,Y15-34,2020,14.00162,
IT108,UNEM_R,2,Y15-34,2021,13.920388,
IT108,UNEM_R,2,Y15-34,2022,6.664401,
IT108,UNEM_R,2,Y15-34,2023,5.15228,
IT108,UNEM_R,2,Y15-34,2024,5.478581,
IT108,UNEM_R,2,Y15-34,2025,5.45248,
IT108,UNEM_R,2,Y15-64,2018,7.079939,
IT108,UNEM_R,2,Y15-64,2019,9.082797,
IT108,UNEM_R,2,Y15-64,2020,6.371524,
IT108,UNEM_R,2,Y15-64,2021,6.436725,
IT108,UNEM_R,2,Y15-64,2022,4.609278,
IT108,UNEM_R,2,Y15-64,2023,2.720375,
IT108,UNEM_R,2,Y15-64,2024,3.559179,
IT108,UNEM_R,2,Y15-64,2025,2.784745,
IT108,UNEM_R,2,Y15-74,2018,6.937973,
IT108,UNEM_R,2,Y15-74,2019,8.977416,
IT108,UNEM_R,2,Y15-74,2020,6.312586,
IT108,UNEM_R,2,Y15-74,2021,6.349123,
IT108,UNEM_R,2,Y15-74,2022,4.771038,
IT108,UNEM_R,2,Y15-74,2023,2.854135,
IT108,UNEM_R,2,Y15-74,2024,3.495095,
IT108,UNEM_R,2,Y15-74,2025,2.731357,
IT108,UNEM_R,2,Y20-64,2018,7.072179,
IT108,UNEM_R,2,Y20-64,2019,8.922807,
IT108,UNEM_R,2,Y20-64,2020,6.136298,
IT108,UNEM_R,2,Y20-64,2021,5.98886,
IT108,UNEM_R,2,Y20-64,2022,4.524994,
IT108,UNEM_R,2,Y20-64,2023,2.724186,
IT108,UNEM_R,2,Y20-64,2024,3.579642,
IT108,UNEM_R,2,Y20-64,2025,2.794846,
IT108,UNEM_R,2,Y25-34,2018,12.285531,
IT108,UNEM_R,2,Y25-34,2019,12.725694,
IT108,UNEM_R,2,Y25-34,2020,11.03493,
IT108,UNEM_R,2,Y25-34,2021,7.412242,
IT108,UNEM_R,2,Y25-34,2022,4.496735,
IT108,UNEM_R,2,Y25-34,2023,2.175859,
IT108,UNEM_R,2,Y25-34,2024,4.966357,
IT108,UNEM_R,2,Y25-34,2025,2.669273,
IT108,UNEM_R,2,Y35-49,2018,6.511555,
IT108,UNEM_R,2,Y35-49,2019,6.778961,
IT108,UNEM_R,2,Y35-49,2020,4.241534,
IT108,UNEM_R,2,Y35-49,2021,3.578555,
IT108,UNEM_R,2,Y35-49,2022,5.36528,
IT108,UNEM_R,2,Y35-49,2023,1.991966,
IT108,UNEM_R,2,Y35-49,2024,3.087368,
IT108,UNEM_R,2,Y35-49,2025,1.688838,
IT108,UNEM_R,2,Y50-74,2018,3.246028,
IT108,UNEM_R,2,Y50-74,2019,6.834217,
IT108,UNEM_R,2,Y50-74,2020,3.966318,
IT108,UNEM_R,2,Y50-74,2021,5.413072,
IT108,UNEM_R,2,Y50-74,2022,3.049937,
IT108,UNEM_R,2,Y50-74,2023,2.268484,
IT108,UNEM_R,2,Y50-74,2024,2.767333,
IT108,UNEM_R,2,Y50-74,2025,2.262469,
IT108,UNEM_R,9,Y15-24,2018,18.717935,
IT108,UNEM_R,9,Y15-24,2019,32.897156,
IT108,UNEM_R,9,Y15-24,2020,25.675136,
IT108,UNEM_R,9,Y15-24,2021,29.725948,
IT108,UNEM_R,9,Y15-24,2022,21.509573,
IT108,UNEM_R,9,Y15-24,2023,16.725548,
IT108,UNEM_R,9,Y15-24,2024,11.574154,
IT108,UNEM_R,9,Y15-24,2025,19.998958,
IT108,UNEM_R,9,Y15-34,2018,13.008306,
IT108,UNEM_R,9,Y15-34,2019,14.355054,
IT108,UNEM_R,9,Y15-34,2020,11.583875,
IT108,UNEM_R,9,Y15-34,2021,15.004053,
IT108,UNEM_R,9,Y15-34,2022,9.053074,
IT108,UNEM_R,9,Y15-34,2023,6.286054,
IT108,UNEM_R,9,Y15-34,2024,7.370855,
IT108,UNEM_R,9,Y15-34,2025,6.709818,
IT108,UNEM_R,9,Y15-64,2018,6.183888,
IT108,UNEM_R,9,Y15-64,2019,6.977335,
IT108,UNEM_R,9,Y15-64,2020,5.144673,
IT108,UNEM_R,9,Y15-64,2021,6.663616,
IT108,UNEM_R,9,Y15-64,2022,4.285366,
IT108,UNEM_R,9,Y15-64,2023,2.861327,
IT108,UNEM_R,9,Y15-64,2024,3.355126,
IT108,UNEM_R,9,Y15-64,2025,3.127047,
IT108,UNEM_R,9,Y15-74,2018,6.081634,
IT108,UNEM_R,9,Y15-74,2019,6.947395,
IT108,UNEM_R,9,Y15-74,2020,5.060978,
IT108,UNEM_R,9,Y15-74,2021,6.586393,
IT108,UNEM_R,9,Y15-74,2022,4.337675,
IT108,UNEM_R,9,Y15-74,2023,2.885119,
IT108,UNEM_R,9,Y15-74,2024,3.288598,
IT108,UNEM_R,9,Y15-74,2025,3.076337,
IT108,UNEM_R,9,Y20-64,2018,5.966432,
IT108,UNEM_R,9,Y20-64,2019,6.644587,
IT108,UNEM_R,9,Y20-64,2020,4.838532,
IT108,UNEM_R,9,Y20-64,2021,6.439884,
IT108,UNEM_R,9,Y20-64,2022,4.116651,
IT108,UNEM_R,9,Y20-64,2023,2.869868,
IT108,UNEM_R,9,Y20-64,2024,3.369672,
IT108,UNEM_R,9,Y20-64,2025,2.733912,
IT108,UNEM_R,9,Y25-34,2018,11.519484,
IT108,UNEM_R,9,Y25-34,2019,9.695652,
IT108,UNEM_R,9,Y25-34,2020,7.995929,
IT108,UNEM_R,9,Y25-34,2021,10.754919,
IT108,UNEM_R,9,Y25-34,2022,5.20387,
IT108,UNEM_R,9,Y25-34,2023,3.502705,
IT108,UNEM_R,9,Y25-34,2024,6.433493,
IT108,UNEM_R,9,Y25-34,2025,2.960787,
IT108,UNEM_R,9,Y35-49,2018,4.162795,
IT108,UNEM_R,9,Y35-49,2019,4.539762,
IT108,UNEM_R,9,Y35-49,2020,3.405452,
IT108,UNEM_R,9,Y35-49,2021,3.802064,
IT108,UNEM_R,9,Y35-49,2022,3.454164,
IT108,UNEM_R,9,Y35-49,2023,1.520922,
IT108,UNEM_R,9,Y35-49,2024,1.822552,
IT108,UNEM_R,9,Y35-49,2025,1.891504,
IT108,UNEM_R,9,Y50-74,2018,4.182401,
IT108,UNEM_R,9,Y50-74,2019,5.158544,
IT108,UNEM_R,9,Y50-74,2020,3.095251,
IT108,UNEM_R,9,Y50-74,2021,4.46571,
IT108,UNEM_R,9,Y50-74,2022,2.487917,
IT108,UNEM_R,9,Y50-74,2023,2.25649,
IT108,UNEM_R,9,Y50-74,2024,2.327046,
IT108,UNEM_R,9,Y50-74,2025,2.22567,
ITC4,UNEM_R,1,Y15-24,2018,20.943965,
ITC4,UNEM_R,1,Y15-24,2019,16.385847,
ITC4,UNEM_R,1,Y15-24,2020,17.196116,
ITC4,UNEM_R,1,Y15-24,2021,20.185615,
ITC4,UNEM_R,1,Y15-24,2022,15.172679,
ITC4,UNEM_R,1,Y15-24,2023,15.037081,
ITC4,UNEM_R,1,Y15-24,2024,11.79008,
ITC4,UNEM_R,1,Y15-24,2025,11.694781,
ITC4,UNEM_R,1,Y15-34,2018,10.821859,
ITC4,UNEM_R,1,Y15-34,2019,8.30588,
ITC4,UNEM_R,1,Y15-34,2020,8.676102,
ITC4,UNEM_R,1,Y15-34,2021,11.234153,
ITC4,UNEM_R,1,Y15-34,2022,7.219021,
ITC4,UNEM_R,1,Y15-34,2023,6.745681,
ITC4,UNEM_R,1,Y15-34,2024,5.968864,
ITC4,UNEM_R,1,Y15-34,2025,5.555995,
ITC4,UNEM_R,1,Y15-64,2018,5.298045,
ITC4,UNEM_R,1,Y15-64,2019,4.784788,
ITC4,UNEM_R,1,Y15-64,2020,4.603284,
ITC4,UNEM_R,1,Y15-64,2021,5.445801,
ITC4,UNEM_R,1,Y15-64,2022,3.858554,
ITC4,UNEM_R,1,Y15-64,2023,3.496739,
ITC4,UNEM_R,1,Y15-64,2024,3.263743,
ITC4,UNEM_R,1,Y15-64,2025,2.642985,
ITC4,UNEM_R,1,Y15-74,2018,5.213112,
ITC4,UNEM_R,1,Y15-74,2019,4.753478,
ITC4,UNEM_R,1,Y15-74,2020,4.508054,
ITC4,UNEM_R,1,Y15-74,2021,5.348293,
ITC4,UNEM_R,1,Y15-74,2022,3.779031,
ITC4,UNEM_R,1,Y15-74,2023,3.429615,
ITC4,UNEM_R,1,Y15-74,2024,3.173854,
ITC4,UNEM_R,1,Y15-74,2025,2.586171,
ITC4,UNEM_R,1,Y20-64,2018,4.998218,
ITC4,UNEM_R,1,Y20-64,2019,4.523206,
ITC4,UNEM_R,1,Y20-64,2020,4.372865,
ITC4,UNEM_R,1,Y20-64,2021,5.244665,
ITC4,UNEM_R,1,Y20-64,2022,3.644743,
ITC4,UNEM_R,1,Y20-64,2023,3.232603,
ITC4,UNEM_R,1,Y20-64,2024,3.118679,
ITC4,UNEM_R,1,Y20-64,2025,2.419903,
ITC4,UNEM_R,1,Y25-34,2018,7.359248,
ITC4,UNEM_R,1,Y25-34,2019,5.590664,
ITC4,UNEM_R,1,Y25-34,2020,6.017269,
ITC4,UNEM_R,1,Y25-34,2021,8.195409,
ITC4,UNEM_R,1,Y25-34,2022,4.408606,
ITC4,UNEM_R,1,Y25-34,2023,3.868397,
ITC4,UNEM_R,1,Y25-34,2024,3.988076,
ITC4,UNEM_R,1,Y25-34,2025,3.680716,
ITC4,UNEM_R,1,Y35-49,2018,3.146262,
ITC4,UNEM_R,1,Y35-49,2019,3.557687,
ITC4,UNEM_R,1,Y35-49,2020,3.369954,
ITC4,UNEM_R,1,Y35-49,2021,3.483297,
ITC4,UNEM_R,1,Y35-49,2022,2.789577,
ITC4,UNEM_R,1,Y35-49,2023,2.340047,
ITC4,UNEM_R,1,Y35-49,2024,2.252486,
ITC4,UNEM_R,1,Y35-49,2025,1.69467,
ITC4,UNEM_R,1,Y50-74,2018,3.685068,
ITC4,UNEM_R,1,Y50-74,2019,3.665023,
ITC4,UNEM_R,1,Y50-74,2020,3.022188,
ITC4,UNEM_R,1,Y50-74,2021,3.357775,
ITC4,UNEM_R,1,Y50-74,2022,2.46328,
ITC4,UNEM_R,1,Y50-74,2023,2.318342,
ITC4,UNEM_R,1,Y50-74,2024,2.245203,
ITC4,UNEM_R,1,Y50-74,2025,1.548843,
ITC4,UNEM_R,2,Y15-24,2018,20.840049,
ITC4,UNEM_R,2,Y15-24,2019,20.866111,
ITC4,UNEM_R,2,Y15-24,2020,22.458561,
ITC4,UNEM_R,2,Y15-24,2021,22.742134,
ITC4,UNEM_R,2,Y15-24,2022,18.172794,
ITC4,UNEM_R,2,Y15-24,2023,15.9038,
ITC4,UNEM_R,2,Y15-24,2024,14.074074,
ITC4,UNEM_R,2,Y15-24,2025,9.800243,
ITC4,UNEM_R,2,Y15-34,2018,11.970414,
ITC4,UNEM_R,2,Y15-34,2019,10.897021,
ITC4,UNEM_R,2,Y15-34,2020,11.200154,
ITC4,UNEM_R,2,Y15-34,2021,11.653013,
ITC4,UNEM_R,2,Y15-34,2022,9.978561,
ITC4,UNEM_R,2,Y15-34,2023,7.172674,
ITC4,UNEM_R,2,Y15-34,2024,6.161941,
ITC4,UNEM_R,2,Y15-34,2025,5.491042,
ITC4,UNEM_R,2,Y15-64,2018,7.154642,
ITC4,UNEM_R,2,Y15-64,2019,6.805045,
ITC4,UNEM_R,2,Y15-64,2020,6.105052,
ITC4,UNEM_R,2,Y15-64,2021,6.605971,
ITC4,UNEM_R,2,Y15-64,2022,6.230626,
ITC4,UNEM_R,2,Y15-64,2023,4.791426,
ITC4,UNEM_R,2,Y15-64,2024,4.328928,
ITC4,UNEM_R,2,Y15-64,2025,3.463045,
ITC4,UNEM_R,2,Y15-74,2018,7.083037,
ITC4,UNEM_R,2,Y15-74,2019,6.727466,
ITC4,UNEM_R,2,Y15-74,2020,6.036804,
ITC4,UNEM_R,2,Y15-74,2021,6.551564,
ITC4,UNEM_R,2,Y15-74,2022,6.21144,
ITC4,UNEM_R,2,Y15-74,2023,4.770911,
ITC4,UNEM_R,2,Y15-74,2024,4.295754,
ITC4,UNEM_R,2,Y15-74,2025,3.428382,
ITC4,UNEM_R,2,Y20-64,2018,6.965174,
ITC4,UNEM_R,2,Y20-64,2019,6.574258,
ITC4,UNEM_R,2,Y20-64,2020,5.906333,
ITC4,UNEM_R,2,Y20-64,2021,6.395789,
ITC4,UNEM_R,2,Y20-64,2022,6.066085,
ITC4,UNEM_R,2,Y20-64,2023,4.610254,
ITC4,UNEM_R,2,Y20-64,2024,4.146147,
ITC4,UNEM_R,2,Y20-64,2025,3.35167,
ITC4,UNEM_R,2,Y25-34,2018,9.616006,
ITC4,UNEM_R,2,Y25-34,2019,8.003173,
ITC4,UNEM_R,2,Y25-34,2020,8.103013,
ITC4,UNEM_R,2,Y25-34,2021,8.683753,
ITC4,UNEM_R,2,Y25-34,2022,7.563568,
ITC4,UNEM_R,2,Y25-34,2023,4.393534,
ITC4,UNEM_R,2,Y25-34,2024,3.994134,
ITC4,UNEM_R,2,Y25-34,2025,4.314616,
ITC4,UNEM_R,2,Y35-49,2018,6.212107,
ITC4,UNEM_R,2,Y35-49,2019,5.95495,
ITC4,UNEM_R,2,Y35-49,2020,4.848503,
ITC4,UNEM_R,2,Y35-49,2021,5.925979,
ITC4,UNEM_R,2,Y35-49,2022,5.573943,
ITC4,UNEM_R,2,Y35-49,2023,4.8658,
ITC4,UNEM_R,2,Y35-49,2024,4.125488,
ITC4,UNEM_R,2,Y35-49,2025,3.296048,
ITC4,UNEM_R,2,Y50-74,2018,4.490342,
ITC4,UNEM_R,2,Y50-74,2019,4.604613,
ITC4,UNEM_R,2,Y50-74,2020,3.819604,
ITC4,UNEM_R,2,Y50-74,2021,3.87743,
ITC4,UNEM_R,2,Y50-74,2022,4.289343,
ITC4,UNEM_R,2,Y50-74,2023,3.020031,
ITC4,UNEM_R,2,Y50-74,2024,3.234396,
ITC4,UNEM_R,2,Y50-74,2025,2.298206,
ITC4,UNEM_R,9,Y15-24,2018,20.903286,
ITC4,UNEM_R,9,Y15-24,2019,18.255318,
ITC4,UNEM_R,9,Y15-24,2020,19.422282,
ITC4,UNEM_R,9,Y15-24,2021,21.183836,
ITC4,UNEM_R,9,Y15-24,2022,16.391999,
ITC4,UNEM_R,9,Y15-24,2023,15.409364,
ITC4,UNEM_R,9,Y15-24,2024,12.70944,
ITC4,UNEM_R,9,Y15-24,2025,10.912277,
ITC4,UNEM_R,9,Y15-34,2018,11.329922,
ITC4,UNEM_R,9,Y15-34,2019,9.457881,
ITC4,UNEM_R,9,Y15-34,2020,9.804526,
ITC4,UNEM_R,9,Y15-34,2021,11.416271,
ITC4,UNEM_R,9,Y15-34,2022,8.433235,
ITC4,UNEM_R,9,Y15-34,2023,6.936037,
ITC4,UNEM_R,9,Y15-34,2024,6.05437,
ITC4,UNEM_R,9,Y15-34,2025,5.527697,
ITC4,UNEM_R,9,Y15-64,2018,6.119677,
ITC4,UNEM_R,9,Y15-64,2019,5.681621,
ITC4,UNEM_R,9,Y15-64,2020,5.269479,
ITC4,UNEM_R,9,Y15-64,2021,5.963816,
ITC4,UNEM_R,9,Y15-64,2022,4.913111,
ITC4,UNEM_R,9,Y15-64,2023,4.073297,
ITC4,UNEM_R,9,Y15-64,2024,3.738833,
ITC4,UNEM_R,9,Y15-64,2025,3.005698,
ITC4,UNEM_R,9,Y15-74,2018,6.035634,
ITC4,UNEM_R,9,Y15-74,2019,5.624642,
ITC4,UNEM_R,9,Y15-74,2020,5.182763,
ITC4,UNEM_R,9,Y15-74,2021,5.882038,
ITC4,UNEM_R,9,Y15-74,2022,4.854928,
ITC4,UNEM_R,9,Y15-74,2023,4.02477,
ITC4,UNEM_R,9,Y15-74,2024,3.672284,
ITC4,UNEM_R,9,Y15-74,2025,2.957607,
ITC4,UNEM_R,9,Y20-64,2018,5.869904,
ITC4,UNEM_R,9,Y20-64,2019,5.434445,
ITC4,UNEM_R,9,Y20-64,2020,5.053361,
ITC4,UNEM_R,9,Y20-64,2021,5.759567,
ITC4,UNEM_R,9,Y20-64,2022,4.722133,
ITC4,UNEM_R,9,Y20-64,2023,3.847173,
ITC4,UNEM_R,9,Y20-64,2024,3.577663,
ITC4,UNEM_R,9,Y20-64,2025,2.832133,
ITC4,UNEM_R,9,Y25-34,2018,8.390649,
ITC4,UNEM_R,9,Y25-34,2019,6.683928,
ITC4,UNEM_R,9,Y25-34,2020,6.964496,
ITC4,UNEM_R,9,Y25-34,2021,8.414245,
ITC4,UNEM_R,9,Y25-34,2022,5.831311,
ITC4,UNEM_R,9,Y25-34,2023,4.105318,
ITC4,UNEM_R,9,Y25-34,2024,3.990834,
ITC4,UNEM_R,9,Y25-34,2025,3.959962,
ITC4,UNEM_R,9,Y35-49,2018,4.516705,
ITC4,UNEM_R,9,Y35-49,2019,4.634753,
ITC4,UNEM_R,9,Y35-49,2020,4.026774,
ITC4,UNEM_R,9,Y35-49,2021,4.584001,
ITC4,UNEM_R,9,Y35-49,2022,4.046572,
ITC4,UNEM_R,9,Y35-49,2023,3.481474,
ITC4,UNEM_R,9,Y35-49,2024,3.097438,
ITC4,UNEM_R,9,Y35-49,2025,2.406028,
ITC4,UNEM_R,9,Y50-74,2018,4.030467,
ITC4,UNEM_R,9,Y50-74,2019,4.068446,
ITC4,UNEM_R,9,Y50-74,2020,3.368407,
ITC4,UNEM_R,9,Y50-74,2021,3.587403,
ITC4,UNEM_R,9,Y50-74,2022,3.255895,
ITC4,UNEM_R,9,Y50-74,2023,2.622855,
ITC4,UNEM_R,9,Y50-74,2024,2.678966,
ITC4,UNEM_R,9,Y50-74,2025,1.880213,
ITC41,UNEM_R,1,Y15-24,2018,25.514946,
ITC41,UNEM_R,1,Y15-24,2019,20.032348,
ITC41,UNEM_R,1,Y15-24,2020,32.61307,
ITC41,UNEM_R,1,Y15-24,2021,29.211853,
ITC41,UNEM_R,1,Y15-24,2022,16.560236,
ITC41,UNEM_R,1,Y15-24,2023,12.75308,
ITC41,UNEM_R,1,Y15-24,2024,24.929696,
ITC41,UNEM_R,1,Y15-24,2025,17.744622,
ITC41,UNEM_R,1,Y15-34,2018,11.908959,
ITC41,UNEM_R,1,Y15-34,2019,10.609395,
ITC41,UNEM_R,1,Y15-34,2020,10.807302,
ITC41,UNEM_R,1,Y15-34,2021,15.86576,
ITC41,UNEM_R,1,Y15-34,2022,7.875512,
ITC41,UNEM_R,1,Y15-34,2023,4.787193,
ITC41,UNEM_R,1,Y15-34,2024,8.436403,
ITC41,UNEM_R,1,Y15-34,2025,6.897869,
ITC41,UNEM_R,1,Y15-64,2018,5.240526,
ITC41,UNEM_R,1,Y15-64,2019,5.020488,
ITC41,UNEM_R,1,Y15-64,2020,4.739049,
ITC41,UNEM_R,1,Y15-64,2021,6.365458,
ITC41,UNEM_R,1,Y15-64,2022,3.246145,
ITC41,UNEM_R,1,Y15-64,2023,2.555249,
ITC41,UNEM_R,1,Y15-64,2024,3.143157,
ITC41,UNEM_R,1,Y15-64,2025,2.94671,
ITC41,UNEM_R,1,Y15-74,2018,5.153035,
ITC41,UNEM_R,1,Y15-74,2019,4.91282,
ITC41,UNEM_R,1,Y15-74,2020,4.658926,
ITC41,UNEM_R,1,Y15-74,2021,6.346722,
ITC41,UNEM_R,1,Y15-74,2022,3.186088,
ITC41,UNEM_R,1,Y15-74,2023,2.494978,
ITC41,UNEM_R,1,Y15-74,2024,3.020011,
ITC41,UNEM_R,1,Y15-74,2025,2.86033,
ITC41,UNEM_R,1,Y20-64,2018,5.199508,
ITC41,UNEM_R,1,Y20-64,2019,4.696503,
ITC41,UNEM_R,1,Y20-64,2020,4.233983,
ITC41,UNEM_R,1,Y20-64,2021,6.145178,
ITC41,UNEM_R,1,Y20-64,2022,2.846555,
ITC41,UNEM_R,1,Y20-64,2023,2.490769,
ITC41,UNEM_R,1,Y20-64,2024,2.459318,
ITC41,UNEM_R,1,Y20-64,2025,2.898272,
ITC41,UNEM_R,1,Y25-34,2018,7.914401,
ITC41,UNEM_R,1,Y25-34,2019,7.69652,
ITC41,UNEM_R,1,Y25-34,2020,4.718871,
ITC41,UNEM_R,1,Y25-34,2021,10.954064,
ITC41,UNEM_R,1,Y25-34,2022,4.09097,
ITC41,UNEM_R,1,Y25-34,2023,1.829089,
ITC41,UNEM_R,1,Y25-34,2024,2.758888,
ITC41,UNEM_R,1,Y25-34,2025,3.484868,
ITC41,UNEM_R,1,Y35-49,2018,1.528675,
ITC41,UNEM_R,1,Y35-49,2019,2.461356,
ITC41,UNEM_R,1,Y35-49,2020,1.965351,
ITC41,UNEM_R,1,Y35-49,2021,2.451382,
ITC41,UNEM_R,1,Y35-49,2022,2.189004,
ITC41,UNEM_R,1,Y35-49,2023,1.515875,
ITC41,UNEM_R,1,Y35-49,2024,1.068311,
ITC41,UNEM_R,1,Y35-49,2025,1.904281,
ITC41,UNEM_R,1,Y50-74,2018,3.66513,
ITC41,UNEM_R,1,Y50-74,2019,3.703604,
ITC41,UNEM_R,1,Y50-74,2020,3.588933,
ITC41,UNEM_R,1,Y50-74,2021,4.091279,
ITC41,UNEM_R,1,Y50-74,2022,1.079271,
ITC41,UNEM_R,1,Y50-74,2023,2.128732,
ITC41,UNEM_R,1,Y50-74,2024,1.434143,
ITC41,UNEM_R,1,Y50-74,2025,1.055324,
ITC41,UNEM_R,2,Y15-24,2018,25.655952,
ITC41,UNEM_R,2,Y15-24,2019,26.136243,
ITC41,UNEM_R,2,Y15-24,2020,29.749361,
ITC41,UNEM_R,2,Y15-24,2021,20.387185,
ITC41,UNEM_R,2,Y15-24,2022,22.434095,
ITC41,UNEM_R,2,Y15-24,2023,32.644018,
ITC41,UNEM_R,2,Y15-24,2024,22.962028,
ITC41,UNEM_R,2,Y15-24,2025,4.733071,
ITC41,UNEM_R,2,Y15-34,2018,13.07116,
ITC41,UNEM_R,2,Y15-34,2019,10.213233,
ITC41,UNEM_R,2,Y15-34,2020,13.147576,
ITC41,UNEM_R,2,Y15-34,2021,13.295579,
ITC41,UNEM_R,2,Y15-34,2022,14.849998,
ITC41,UNEM_R,2,Y15-34,2023,10.551813,
ITC41,UNEM_R,2,Y15-34,2024,10.947549,
ITC41,UNEM_R,2,Y15-34,2025,5.050644,
ITC41,UNEM_R,2,Y15-64,2018,7.085856,
ITC41,UNEM_R,2,Y15-64,2019,6.174477,
ITC41,UNEM_R,2,Y15-64,2020,6.100836,
ITC41,UNEM_R,2,Y15-64,2021,6.926241,
ITC41,UNEM_R,2,Y15-64,2022,6.638737,
ITC41,UNEM_R,2,Y15-64,2023,5.00572,
ITC41,UNEM_R,2,Y15-64,2024,4.43176,
ITC41,UNEM_R,2,Y15-64,2025,3.232761,
ITC41,UNEM_R,2,Y15-74,2018,6.962384,
ITC41,UNEM_R,2,Y15-74,2019,6.017173,
ITC41,UNEM_R,2,Y15-74,2020,6.058842,
ITC41,UNEM_R,2,Y15-74,2021,6.809447,
ITC41,UNEM_R,2,Y15-74,2022,6.546903,
ITC41,UNEM_R,2,Y15-74,2023,4.934527,
ITC41,UNEM_R,2,Y15-74,2024,4.359161,
ITC41,UNEM_R,2,Y15-74,2025,3.225752,
ITC41,UNEM_R,2,Y20-64,2018,7.054164,
ITC41,UNEM_R,2,Y20-64,2019,6.019826,
ITC41,UNEM_R,2,Y20-64,2020,5.797824,
ITC41,UNEM_R,2,Y20-64,2021,6.613779,
ITC41,UNEM_R,2,Y20-64,2022,5.951452,
ITC41,UNEM_R,2,Y20-64,2023,4.023293,
ITC41,UNEM_R,2,Y20-64,2024,3.97756,
ITC41,UNEM_R,2,Y20-64,2025,3.149087,
ITC41,UNEM_R,2,Y25-34,2018,8.083272,
ITC41,UNEM_R,2,Y25-34,2019,5.58685,
ITC41,UNEM_R,2,Y25-34,2020,7.917889,
ITC41,UNEM_R,2,Y25-34,2021,10.926366,
ITC41,UNEM_R,2,Y25-34,2022,12.303016,
ITC41,UNEM_R,2,Y25-34,2023,1.912586,
ITC41,UNEM_R,2,Y25-34,2024,7.544246,
ITC41,UNEM_R,2,Y25-34,2025,5.143941,
ITC41,UNEM_R,2,Y35-49,2018,7.205989,
ITC41,UNEM_R,2,Y35-49,2019,6.124241,
ITC41,UNEM_R,2,Y35-49,2020,4.713178,
ITC41,UNEM_R,2,Y35-49,2021,5.079809,
ITC41,UNEM_R,2,Y35-49,2022,3.056849,
ITC41,UNEM_R,2,Y35-49,2023,5.15104,
ITC41,UNEM_R,2,Y35-49,2024,2.970534,
ITC41,UNEM_R,2,Y35-49,2025,1.952121,
ITC41,UNEM_R,2,Y50-74,2018,2.514755,
ITC41,UNEM_R,2,Y50-74,2019,3.053005,
ITC41,UNEM_R,2,Y50-74,2020,2.746665,
ITC41,UNEM_R,2,Y50-74,2021,3.950461,
ITC41,UNEM_R,2,Y50-74,2022,4.224762,
ITC41,UNEM_R,2,Y50-74,2023,1.1962,
ITC41,UNEM_R,2,Y50-74,2024,1.631312,
ITC41,UNEM_R,2,Y50-74,2025,3.200788,
ITC41,UNEM_R,9,Y15-24,2018,25.577589,
ITC41,UNEM_R,9,Y15-24,2019,22.601793,
ITC41,UNEM_R,9,Y15-24,2020,31.299222,
ITC41,UNEM_R,9,Y15-24,2021,25.27149,
ITC41,UNEM_R,9,Y15-24,2022,18.976361,
ITC41,UNEM_R,9,Y15-24,2023,22.052561,
ITC41,UNEM_R,9,Y15-24,2024,24.142436,
ITC41,UNEM_R,9,Y15-24,2025,12.442946,
ITC41,UNEM_R,9,Y15-34,2018,12.369078,
ITC41,UNEM_R,9,Y15-34,2019,10.436873,
ITC41,UNEM_R,9,Y15-34,2020,11.832192,
ITC41,UNEM_R,9,Y15-34,2021,14.672614,
ITC41,UNEM_R,9,Y15-34,2022,11.066746,
ITC41,UNEM_R,9,Y15-34,2023,7.430632,
ITC41,UNEM_R,9,Y15-34,2024,9.534143,
ITC41,UNEM_R,9,Y15-34,2025,6.120661,
ITC41,UNEM_R,9,Y15-64,2018,6.064949,
ITC41,UNEM_R,9,Y15-64,2019,5.538453,
ITC41,UNEM_R,9,Y15-64,2020,5.334271,
ITC41,UNEM_R,9,Y15-64,2021,6.619578,
ITC41,UNEM_R,9,Y15-64,2022,4.752286,
ITC41,UNEM_R,9,Y15-64,2023,3.651632,
ITC41,UNEM_R,9,Y15-64,2024,3.721147,
ITC41,UNEM_R,9,Y15-64,2025,3.070749,
ITC41,UNEM_R,9,Y15-74,2018,5.961714,
ITC41,UNEM_R,9,Y15-74,2019,5.409634,
ITC41,UNEM_R,9,Y15-74,2020,5.270897,
ITC41,UNEM_R,9,Y15-74,2021,6.556079,
ITC41,UNEM_R,9,Y15-74,2022,4.674199,
ITC41,UNEM_R,9,Y15-74,2023,3.580716,
ITC41,UNEM_R,9,Y15-74,2024,3.612925,
ITC41,UNEM_R,9,Y15-74,2025,3.018078,
ITC41,UNEM_R,9,Y20-64,2018,6.026816,
ITC41,UNEM_R,9,Y20-64,2019,5.290622,
ITC41,UNEM_R,9,Y20-64,2020,4.917623,
ITC41,UNEM_R,9,Y20-64,2021,6.357644,
ITC41,UNEM_R,9,Y20-64,2022,4.22401,
ITC41,UNEM_R,9,Y20-64,2023,3.172391,
ITC41,UNEM_R,9,Y20-64,2024,3.143783,
ITC41,UNEM_R,9,Y20-64,2025,3.007134,
ITC41,UNEM_R,9,Y25-34,2018,7.97834,
ITC41,UNEM_R,9,Y25-34,2019,6.775133,
ITC41,UNEM_R,9,Y25-34,2020,6.09812,
ITC41,UNEM_R,9,Y25-34,2021,10.941034,
ITC41,UNEM_R,9,Y25-34,2022,7.995959,
ITC41,UNEM_R,9,Y25-34,2023,1.867099,
ITC41,UNEM_R,9,Y25-34,2024,4.90365,
ITC41,UNEM_R,9,Y25-34,2025,4.18731,
ITC41,UNEM_R,9,Y35-49,2018,4.195549,
ITC41,UNEM_R,9,Y35-49,2019,4.130844,
ITC41,UNEM_R,9,Y35-49,2020,3.144021,
ITC41,UNEM_R,9,Y35-49,2021,3.6257,
ITC41,UNEM_R,9,Y35-49,2022,2.556417,
ITC41,UNEM_R,9,Y35-49,2023,3.095116,
ITC41,UNEM_R,9,Y35-49,2024,1.922973,
ITC41,UNEM_R,9,Y35-49,2025,1.925816,
ITC41,UNEM_R,9,Y50-74,2018,3.13782,
ITC41,UNEM_R,9,Y50-74,2019,3.407642,
ITC41,UNEM_R,9,Y50-74,2020,3.212602,
ITC41,UNEM_R,9,Y50-74,2021,4.027923,
ITC41,UNEM_R,9,Y50-74,2022,2.505438,
ITC41,UNEM_R,9,Y50-74,2023,1.711572,
ITC41,UNEM_R,9,Y50-74,2024,1.520965,
ITC41,UNEM_R,9,Y50-74,2025,1.993335,
ITC42,UNEM_R,1,Y15-24,2018,11.24341,
ITC42,UNEM_R,1,Y15-24,2019,12.634724,
ITC42,UNEM_R,1,Y15-24,2020,15.771257,
ITC42,UNEM_R,1,Y15-24,2021,18.350815,
ITC42,UNEM_R,1,Y15-24,2022,20.6165,
ITC42,UNEM_R,1,Y15-24,2023,24.339995,
ITC42,UNEM_R,1,Y15-24,2024,19.753581,
ITC42,UNEM_R,1,Y15-24,2025,7.718121,
ITC42,UNEM_R,1,Y15-34,2018,8.174875,
ITC42,UNEM_R,1,Y15-34,2019,8.316271,
ITC42,UNEM_R,1,Y15-34,2020,9.301974,
ITC42,UNEM_R,1,Y15-34,2021,11.314152,
ITC42,UNEM_R,1,Y15-34,2022,9.23286,
ITC42,UNEM_R,1,Y15-34,2023,7.6565,
ITC42,UNEM_R,1,Y15-34,2024,9.682376,
ITC42,UNEM_R,1,Y15-34,2025,7.163374,
ITC42,UNEM_R,1,Y15-64,2018,6.688117,
ITC42,UNEM_R,1,Y15-64,2019,5.346541,
ITC42,UNEM_R,1,Y15-64,2020,4.583011,
ITC42,UNEM_R,1,Y15-64,2021,6.527422,
ITC42,UNEM_R,1,Y15-64,2022,5.400067,
ITC42,UNEM_R,1,Y15-64,2023,5.096645,
ITC42,UNEM_R,1,Y15-64,2024,4.373788,
ITC42,UNEM_R,1,Y15-64,2025,3.823343,
ITC42,UNEM_R,1,Y15-74,2018,6.495306,
ITC42,UNEM_R,1,Y15-74,2019,5.165802,
ITC42,UNEM_R,1,Y15-74,2020,4.52928,
ITC42,UNEM_R,1,Y15-74,2021,6.44039,
ITC42,UNEM_R,1,Y15-74,2022,5.2473,
ITC42,UNEM_R,1,Y15-74,2023,4.903736,
ITC42,UNEM_R,1,Y15-74,2024,4.213441,
ITC42,UNEM_R,1,Y15-74,2025,3.835299,
ITC42,UNEM_R,1,Y20-64,2018,6.457118,
ITC42,UNEM_R,1,Y20-64,2019,4.924957,
ITC42,UNEM_R,1,Y20-64,2020,4.28274,
ITC42,UNEM_R,1,Y20-64,2021,6.319124,
ITC42,UNEM_R,1,Y20-64,2022,5.355014,
ITC42,UNEM_R,1,Y20-64,2023,4.848744,
ITC42,UNEM_R,1,Y20-64,2024,4.212489,
ITC42,UNEM_R,1,Y20-64,2025,3.744352,
ITC42,UNEM_R,1,Y25-34,2018,7.171516,
ITC42,UNEM_R,1,Y25-34,2019,6.97582,
ITC42,UNEM_R,1,Y25-34,2020,7.676569,
ITC42,UNEM_R,1,Y25-34,2021,8.970639,
ITC42,UNEM_R,1,Y25-34,2022,5.359348,
ITC42,UNEM_R,1,Y25-34,2023,3.578757,
ITC42,UNEM_R,1,Y25-34,2024,6.06137,
ITC42,UNEM_R,1,Y25-34,2025,6.995074,
ITC42,UNEM_R,1,Y35-49,2018,5.035762,
ITC42,UNEM_R,1,Y35-49,2019,3.626261,
ITC42,UNEM_R,1,Y35-49,2020,2.426865,
ITC42,UNEM_R,1,Y35-49,2021,5.334717,
ITC42,UNEM_R,1,Y35-49,2022,5.048458,
ITC42,UNEM_R,1,Y35-49,2023,4.598111,
ITC42,UNEM_R,1,Y35-49,2024,2.729411,
ITC42,UNEM_R,1,Y35-49,2025,2.873724,
ITC42,UNEM_R,1,Y50-74,2018,6.786145,
ITC42,UNEM_R,1,Y50-74,2019,4.654458,
ITC42,UNEM_R,1,Y50-74,2020,4.005745,
ITC42,UNEM_R,1,Y50-74,2021,4.138134,
ITC42,UNEM_R,1,Y50-74,2022,2.390445,
ITC42,UNEM_R,1,Y50-74,2023,3.271812,
ITC42,UNEM_R,1,Y50-74,2024,2.165579,
ITC42,UNEM_R,1,Y50-74,2025,2.569593,
ITC42,UNEM_R,2,Y15-24,2018,42.568194,
ITC42,UNEM_R,2,Y15-24,2019,29.294991,
ITC42,UNEM_R,2,Y15-24,2020,21.402417,
ITC42,UNEM_R,2,Y15-24,2021,28.036876,
ITC42,UNEM_R,2,Y15-24,2022,24.766558,
ITC42,UNEM_R,2,Y15-24,2023,16.372618,
ITC42,UNEM_R,2,Y15-24,2024,19.201208,
ITC42,UNEM_R,2,Y15-24,2025,8.160123,
ITC42,UNEM_R,2,Y15-34,2018,17.575355,
ITC42,UNEM_R,2,Y15-34,2019,11.458089,
ITC42,UNEM_R,2,Y15-34,2020,11.31275,
ITC42,UNEM_R,2,Y15-34,2021,17.013984,
ITC42,UNEM_R,2,Y15-34,2022,13.67519,
ITC42,UNEM_R,2,Y15-34,2023,7.878693,
ITC42,UNEM_R,2,Y15-34,2024,10.053332,
ITC42,UNEM_R,2,Y15-34,2025,8.221352,
ITC42,UNEM_R,2,Y15-64,2018,8.404197,
ITC42,UNEM_R,2,Y15-64,2019,8.407531,
ITC42,UNEM_R,2,Y15-64,2020,7.111286,
ITC42,UNEM_R,2,Y15-64,2021,8.904081,
ITC42,UNEM_R,2,Y15-64,2022,7.961439,
ITC42,UNEM_R,2,Y15-64,2023,5.841265,
ITC42,UNEM_R,2,Y15-64,2024,7.001621,
ITC42,UNEM_R,2,Y15-64,2025,5.892328,
ITC42,UNEM_R,2,Y15-74,2018,8.232991,
ITC42,UNEM_R,2,Y15-74,2019,8.210144,
ITC42,UNEM_R,2,Y15-74,2020,6.972035,
ITC42,UNEM_R,2,Y15-74,2021,8.81228,
ITC42,UNEM_R,2,Y15-74,2022,7.84821,
ITC42,UNEM_R,2,Y15-74,2023,6.131527,
ITC42,UNEM_R,2,Y15-74,2024,6.956958,
ITC42,UNEM_R,2,Y15-74,2025,5.767503,
ITC42,UNEM_R,2,Y20-64,2018,8.036761,
ITC42,UNEM_R,2,Y20-64,2019,8.119935,
ITC42,UNEM_R,2,Y20-64,2020,7.08231,
ITC42,UNEM_R,2,Y20-64,2021,8.552072,
ITC42,UNEM_R,2,Y20-64,2022,7.953554,
ITC42,UNEM_R,2,Y20-64,2023,5.712948,
ITC42,UNEM_R,2,Y20-64,2024,6.750898,
ITC42,UNEM_R,2,Y20-64,2025,5.912017,
ITC42,UNEM_R,2,Y25-34,2018,12.433671,
ITC42,UNEM_R,2,Y25-34,2019,7.517504,
ITC42,UNEM_R,2,Y25-34,2020,8.868326,
ITC42,UNEM_R,2,Y25-34,2021,13.836896,
ITC42,UNEM_R,2,Y25-34,2022,9.772049,
ITC42,UNEM_R,2,Y25-34,2023,4.781714,
ITC42,UNEM_R,2,Y25-34,2024,7.279311,
ITC42,UNEM_R,2,Y25-34,2025,8.235091,
ITC42,UNEM_R,2,Y35-49,2018,6.758099,
ITC42,UNEM_R,2,Y35-49,2019,9.478992,
ITC42,UNEM_R,2,Y35-49,2020,5.752563,
ITC42,UNEM_R,2,Y35-49,2021,6.290768,
ITC42,UNEM_R,2,Y35-49,2022,7.184154,
ITC42,UNEM_R,2,Y35-49,2023,6.171171,
ITC42,UNEM_R,2,Y35-49,2024,5.998358,
ITC42,UNEM_R,2,Y35-49,2025,5.413947,
ITC42,UNEM_R,2,Y50-74,2018,2.521956,
ITC42,UNEM_R,2,Y50-74,2019,4.204019,
ITC42,UNEM_R,2,Y50-74,2020,5.402305,
ITC42,UNEM_R,2,Y50-74,2021,5.088325,
ITC42,UNEM_R,2,Y50-74,2022,3.666104,
ITC42,UNEM_R,2,Y50-74,2023,4.915082,
ITC42,UNEM_R,2,Y50-74,2024,5.81706,
ITC42,UNEM_R,2,Y50-74,2025,4.566584,
ITC42,UNEM_R,9,Y15-24,2018,21.54231,
ITC42,UNEM_R,9,Y15-24,2019,18.718244,
ITC42,UNEM_R,9,Y15-24,2020,18.31172,
ITC42,UNEM_R,9,Y15-24,2021,22.558071,
ITC42,UNEM_R,9,Y15-24,2022,22.5,
ITC42,UNEM_R,9,Y15-24,2023,20.256518,
ITC42,UNEM_R,9,Y15-24,2024,19.520528,
ITC42,UNEM_R,9,Y15-24,2025,7.884162,
ITC42,UNEM_R,9,Y15-34,2018,12.069576,
ITC42,UNEM_R,9,Y15-34,2019,9.666446,
ITC42,UNEM_R,9,Y15-34,2020,10.225264,
ITC42,UNEM_R,9,Y15-34,2021,13.940682,
ITC42,UNEM_R,9,Y15-34,2022,11.227754,
ITC42,UNEM_R,9,Y15-34,2023,7.753264,
ITC42,UNEM_R,9,Y15-34,2024,9.850426,
ITC42,UNEM_R,9,Y15-34,2025,7.604239,
ITC42,UNEM_R,9,Y15-64,2018,7.437808,
ITC42,UNEM_R,9,Y15-64,2019,6.689179,
ITC42,UNEM_R,9,Y15-64,2020,5.697269,
ITC42,UNEM_R,9,Y15-64,2021,7.596581,
ITC42,UNEM_R,9,Y15-64,2022,6.551544,
ITC42,UNEM_R,9,Y15-64,2023,5.433373,
ITC42,UNEM_R,9,Y15-64,2024,5.556666,
ITC42,UNEM_R,9,Y15-64,2025,4.717388,
ITC42,UNEM_R,9,Y15-74,2018,7.250759,
ITC42,UNEM_R,9,Y15-74,2019,6.493173,
ITC42,UNEM_R,9,Y15-74,2020,5.593694,
ITC42,UNEM_R,9,Y15-74,2021,7.500572,
ITC42,UNEM_R,9,Y15-74,2022,6.407307,
ITC42,UNEM_R,9,Y15-74,2023,5.455195,
ITC42,UNEM_R,9,Y15-74,2024,5.434724,
ITC42,UNEM_R,9,Y15-74,2025,4.659621,
ITC42,UNEM_R,9,Y20-64,2018,7.148551,
ITC42,UNEM_R,9,Y20-64,2019,6.32932,
ITC42,UNEM_R,9,Y20-64,2020,5.517332,
ITC42,UNEM_R,9,Y20-64,2021,7.324029,
ITC42,UNEM_R,9,Y20-64,2022,6.522786,
ITC42,UNEM_R,9,Y20-64,2023,5.239912,
ITC42,UNEM_R,9,Y20-64,2024,5.356963,
ITC42,UNEM_R,9,Y20-64,2025,4.685762,
ITC42,UNEM_R,9,Y25-34,2018,9.474951,
ITC42,UNEM_R,9,Y25-34,2019,7.218062,
ITC42,UNEM_R,9,Y25-34,2020,8.226142,
ITC42,UNEM_R,9,Y25-34,2021,11.253919,
ITC42,UNEM_R,9,Y25-34,2022,7.328573,
ITC42,UNEM_R,9,Y25-34,2023,4.075524,
ITC42,UNEM_R,9,Y25-34,2024,6.626378,
ITC42,UNEM_R,9,Y25-34,2025,7.528867,
ITC42,UNEM_R,9,Y35-49,2018,5.825668,
ITC42,UNEM_R,9,Y35-49,2019,6.288466,
ITC42,UNEM_R,9,Y35-49,2020,3.915742,
ITC42,UNEM_R,9,Y35-49,2021,5.771545,
ITC42,UNEM_R,9,Y35-49,2022,6.041799,
ITC42,UNEM_R,9,Y35-49,2023,5.332345,
ITC42,UNEM_R,9,Y35-49,2024,4.19491,
ITC42,UNEM_R,9,Y35-49,2025,4.006631,
ITC42,UNEM_R,9,Y50-74,2018,4.987338,
ITC42,UNEM_R,9,Y50-74,2019,4.466079,
ITC42,UNEM_R,9,Y50-74,2020,4.573487,
ITC42,UNEM_R,9,Y50-74,2021,4.542523,
ITC42,UNEM_R,9,Y50-74,2022,2.933452,
ITC42,UNEM_R,9,Y50-74,2023,3.998203,
ITC42,UNEM_R,9,Y50-74,2024,3.757831,
ITC42,UNEM_R,9,Y50-74,2025,3.399639,
ITC43,UNEM_R,1,Y15-24,2018,24.935777,
ITC43,UNEM_R,1,Y15-24,2019,14.283492,
ITC43,UNEM_R,1,Y15-24,2020,13.756154,
ITC43,UNEM_R,1,Y15-24,2021,18.196354,
ITC43,UNEM_R,1,Y15-24,2022,10.877544,
ITC43,UNEM_R,1,Y15-24,2023,13.781388,
ITC43,UNEM_R,1,Y15-24,2024,10.847789,
ITC43,UNEM_R,1,Y15-24,2025,10.332384,
ITC43,UNEM_R,1,Y15-34,2018,10.320037,
ITC43,UNEM_R,1,Y15-34,2019,6.96325,
ITC43,UNEM_R,1,Y15-34,2020,8.277172,
ITC43,UNEM_R,1,Y15-34,2021,9.162964,
ITC43,UNEM_R,1,Y15-34,2022,5.714709,
ITC43,UNEM_R,1,Y15-34,2023,4.685942,
ITC43,UNEM_R,1,Y15-34,2024,3.902954,
ITC43,UNEM_R,1,Y15-34,2025,3.841216,
ITC43,UNEM_R,1,Y15-64,2018,5.460032,
ITC43,UNEM_R,1,Y15-64,2019,3.914353,
ITC43,UNEM_R,1,Y15-64,2020,3.867045,
ITC43,UNEM_R,1,Y15-64,2021,3.927378,
ITC43,UNEM_R,1,Y15-64,2022,2.401406,
ITC43,UNEM_R,1,Y15-64,2023,2.49817,
ITC43,UNEM_R,1,Y15-64,2024,2.254647,
ITC43,UNEM_R,1,Y15-64,2025,3.064862,
ITC43,UNEM_R,1,Y15-74,2018,5.27471,
ITC43,UNEM_R,1,Y15-74,2019,3.853641,
ITC43,UNEM_R,1,Y15-74,2020,3.773302,
ITC43,UNEM_R,1,Y15-74,2021,3.905019,
ITC43,UNEM_R,1,Y15-74,2022,2.326621,
ITC43,UNEM_R,1,Y15-74,2023,2.419917,
ITC43,UNEM_R,1,Y15-74,2024,2.187152,
ITC43,UNEM_R,1,Y15-74,2025,3.047377,
ITC43,UNEM_R,1,Y20-64,2018,5.212985,
ITC43,UNEM_R,1,Y20-64,2019,3.427261,
ITC43,UNEM_R,1,Y20-64,2020,3.80186,
ITC43,UNEM_R,1,Y20-64,2021,3.733064,
ITC43,UNEM_R,1,Y20-64,2022,2.43317,
ITC43,UNEM_R,1,Y20-64,2023,2.121813,
ITC43,UNEM_R,1,Y20-64,2024,2.162196,
ITC43,UNEM_R,1,Y20-64,2025,2.391782,
ITC43,UNEM_R,1,Y25-34,2018,4.891546,
ITC43,UNEM_R,1,Y25-34,2019,3.777928,
ITC43,UNEM_R,1,Y25-34,2020,5.788331,
ITC43,UNEM_R,1,Y25-34,2021,4.994835,
ITC43,UNEM_R,1,Y25-34,2022,3.543362,
ITC43,UNEM_R,1,Y25-34,2023,0.908031,
ITC43,UNEM_R,1,Y25-34,2024,2.207242,
ITC43,UNEM_R,1,Y25-34,2025,1.442849,
ITC43,UNEM_R,1,Y35-49,2018,3.199794,
ITC43,UNEM_R,1,Y35-49,2019,2.351959,
ITC43,UNEM_R,1,Y35-49,2020,2.571489,
ITC43,UNEM_R,1,Y35-49,2021,2.756726,
ITC43,UNEM_R,1,Y35-49,2022,0.893486,
ITC43,UNEM_R,1,Y35-49,2023,1.742311,
ITC43,UNEM_R,1,Y35-49,2024,2.605349,
ITC43,UNEM_R,1,Y35-49,2025,3.647386,
ITC43,UNEM_R,1,Y50-74,2018,4.107553,
ITC43,UNEM_R,1,Y50-74,2019,3.422661,
ITC43,UNEM_R,1,Y50-74,2020,1.886019,
ITC43,UNEM_R,1,Y50-74,2021,1.757572,
ITC43,UNEM_R,1,Y50-74,2022,1.565045,
ITC43,UNEM_R,1,Y50-74,2023,1.40693,
ITC43,UNEM_R,1,Y50-74,2024,0.683724,
ITC43,UNEM_R,1,Y50-74,2025,1.960013,
ITC43,UNEM_R,2,Y15-24,2018,13.634193,
ITC43,UNEM_R,2,Y15-24,2019,28.148533,
ITC43,UNEM_R,2,Y15-24,2020,18.74063,
ITC43,UNEM_R,2,Y15-24,2021,19.93063,
ITC43,UNEM_R,2,Y15-24,2022,4.590007,
ITC43,UNEM_R,2,Y15-24,2023,17.408622,
ITC43,UNEM_R,2,Y15-24,2024,16.023392,
ITC43,UNEM_R,2,Y15-34,2018,6.965887,
ITC43,UNEM_R,2,Y15-34,2019,11.699621,
ITC43,UNEM_R,2,Y15-34,2020,10.091853,
ITC43,UNEM_R,2,Y15-34,2021,12.582605,
ITC43,UNEM_R,2,Y15-34,2022,5.242233,
ITC43,UNEM_R,2,Y15-34,2023,8.066239,
ITC43,UNEM_R,2,Y15-34,2024,7.67562,
ITC43,UNEM_R,2,Y15-34,2025,4.702638,
ITC43,UNEM_R,2,Y15-64,2018,6.387754,
ITC43,UNEM_R,2,Y15-64,2019,7.235119,
ITC43,UNEM_R,2,Y15-64,2020,7.36211,
ITC43,UNEM_R,2,Y15-64,2021,7.466869,
ITC43,UNEM_R,2,Y15-64,2022,3.497057,
ITC43,UNEM_R,2,Y15-64,2023,3.85281,
ITC43,UNEM_R,2,Y15-64,2024,4.300044,
ITC43,UNEM_R,2,Y15-64,2025,1.988103,
ITC43,UNEM_R,2,Y15-74,2018,6.411464,
ITC43,UNEM_R,2,Y15-74,2019,7.125891,
ITC43,UNEM_R,2,Y15-74,2020,7.243235,
ITC43,UNEM_R,2,Y15-74,2021,7.574691,
ITC43,UNEM_R,2,Y15-74,2022,3.446716,
ITC43,UNEM_R,2,Y15-74,2023,3.833507,
ITC43,UNEM_R,2,Y15-74,2024,4.240573,
ITC43,UNEM_R,2,Y15-74,2025,1.97597,
ITC43,UNEM_R,2,Y20-64,2018,6.318138,
ITC43,UNEM_R,2,Y20-64,2019,7.065411,
ITC43,UNEM_R,2,Y20-64,2020,7.194039,
ITC43,UNEM_R,2,Y20-64,2021,7.26049,
ITC43,UNEM_R,2,Y20-64,2022,3.380862,
ITC43,UNEM_R,2,Y20-64,2023,3.623833,
ITC43,UNEM_R,2,Y20-64,2024,4.332742,
ITC43,UNEM_R,2,Y20-64,2025,2.001776,
ITC43,UNEM_R,2,Y25-34,2018,5.061046,
ITC43,UNEM_R,2,Y25-34,2019,7.656968,
ITC43,UNEM_R,2,Y25-34,2020,7.937453,
ITC43,UNEM_R,2,Y25-34,2021,10.129963,
ITC43,UNEM_R,2,Y25-34,2022,5.453326,
ITC43,UNEM_R,2,Y25-34,2023,4.90461,
ITC43,UNEM_R,2,Y25-34,2024,4.535883,
ITC43,UNEM_R,2,Y25-34,2025,5.877154,
ITC43,UNEM_R,2,Y35-49,2018,7.820394,
ITC43,UNEM_R,2,Y35-49,2019,6.304761,
ITC43,UNEM_R,2,Y35-49,2020,8.402158,
ITC43,UNEM_R,2,Y35-49,2021,7.399423,
ITC43,UNEM_R,2,Y35-49,2022,2.786879,
ITC43,UNEM_R,2,Y35-49,2023,2.832512,
ITC43,UNEM_R,2,Y35-49,2024,4.259374,
ITC43,UNEM_R,2,Y35-49,2025,1.009147,
ITC43,UNEM_R,2,Y50-74,2018,4.030263,
ITC43,UNEM_R,2,Y50-74,2019,4.106822,
ITC43,UNEM_R,2,Y50-74,2020,3.910615,
ITC43,UNEM_R,2,Y50-74,2021,4.507214,
ITC43,UNEM_R,2,Y50-74,2022,2.739915,
ITC43,UNEM_R,2,Y50-74,2023,1.863796,
ITC43,UNEM_R,2,Y50-74,2024,2.041478,
ITC43,UNEM_R,2,Y50-74,2025,1.346442,
ITC43,UNEM_R,9,Y15-24,2018,20.213402,
ITC43,UNEM_R,9,Y15-24,2019,19.478498,
ITC43,UNEM_R,9,Y15-24,2020,15.389122,
ITC43,UNEM_R,9,Y15-24,2021,18.846231,
ITC43,UNEM_R,9,Y15-24,2022,8.283384,
ITC43,UNEM_R,9,Y15-24,2023,15.182535,
ITC43,UNEM_R,9,Y15-24,2024,13.503824,
ITC43,UNEM_R,9,Y15-24,2025,6.72352,
ITC43,UNEM_R,9,Y15-34,2018,8.755259,
ITC43,UNEM_R,9,Y15-34,2019,9.234019,
ITC43,UNEM_R,9,Y15-34,2020,9.057235,
ITC43,UNEM_R,9,Y15-34,2021,10.635546,
ITC43,UNEM_R,9,Y15-34,2022,5.494941,
ITC43,UNEM_R,9,Y15-34,2023,6.115189,
ITC43,UNEM_R,9,Y15-34,2024,5.52164,
ITC43,UNEM_R,9,Y15-34,2025,4.203731,
ITC43,UNEM_R,9,Y15-64,2018,5.87127,
ITC43,UNEM_R,9,Y15-64,2019,5.381421,
ITC43,UNEM_R,9,Y15-64,2020,5.407173,
ITC43,UNEM_R,9,Y15-64,2021,5.470827,
ITC43,UNEM_R,9,Y15-64,2022,2.88428,
ITC43,UNEM_R,9,Y15-64,2023,3.089787,
ITC43,UNEM_R,9,Y15-64,2024,3.153857,
ITC43,UNEM_R,9,Y15-64,2025,2.585177,
ITC43,UNEM_R,9,Y15-74,2018,5.771779,
ITC43,UNEM_R,9,Y15-74,2019,5.28879,
ITC43,UNEM_R,9,Y15-74,2020,5.295328,
ITC43,UNEM_R,9,Y15-74,2021,5.492987,
ITC43,UNEM_R,9,Y15-74,2022,2.815521,
ITC43,UNEM_R,9,Y15-74,2023,3.034432,
ITC43,UNEM_R,9,Y15-74,2024,3.081567,
ITC43,UNEM_R,9,Y15-74,2025,2.575475,
ITC43,UNEM_R,9,Y20-64,2018,5.707348,
ITC43,UNEM_R,9,Y20-64,2019,5.043991,
ITC43,UNEM_R,9,Y20-64,2020,5.300414,
ITC43,UNEM_R,9,Y20-64,2021,5.272992,
ITC43,UNEM_R,9,Y20-64,2022,2.853608,
ITC43,UNEM_R,9,Y20-64,2023,2.778067,
ITC43,UNEM_R,9,Y20-64,2024,3.117289,
ITC43,UNEM_R,9,Y20-64,2025,2.217279,
ITC43,UNEM_R,9,Y25-34,2018,4.973339,
ITC43,UNEM_R,9,Y25-34,2019,5.775106,
ITC43,UNEM_R,9,Y25-34,2020,6.796117,
ITC43,UNEM_R,9,Y25-34,2021,7.322387,
ITC43,UNEM_R,9,Y25-34,2022,4.469577,
ITC43,UNEM_R,9,Y25-34,2023,2.648984,
ITC43,UNEM_R,9,Y25-34,2024,3.149746,
ITC43,UNEM_R,9,Y25-34,2025,3.408824,
ITC43,UNEM_R,9,Y35-49,2018,5.258652,
ITC43,UNEM_R,9,Y35-49,2019,4.074206,
ITC43,UNEM_R,9,Y35-49,2020,5.209233,
ITC43,UNEM_R,9,Y35-49,2021,4.797523,
ITC43,UNEM_R,9,Y35-49,2022,1.730147,
ITC43,UNEM_R,9,Y35-49,2023,2.230183,
ITC43,UNEM_R,9,Y35-49,2024,3.337368,
ITC43,UNEM_R,9,Y35-49,2025,2.484096,
ITC43,UNEM_R,9,Y50-74,2018,4.076291,
ITC43,UNEM_R,9,Y50-74,2019,3.703977,
ITC43,UNEM_R,9,Y50-74,2020,2.756062,
ITC43,UNEM_R,9,Y50-74,2021,2.930512,
ITC43,UNEM_R,9,Y50-74,2022,2.047158,
ITC43,UNEM_R,9,Y50-74,2023,1.603988,
ITC43,UNEM_R,9,Y50-74,2024,1.271662,
ITC43,UNEM_R,9,Y50-74,2025,1.67992,
ITC44,UNEM_R,1,Y15-24,2018,15.874701,
ITC44,UNEM_R,1,Y15-24,2019,17.417978,
ITC44,UNEM_R,1,Y15-24,2020,8.765044,
ITC44,UNEM_R,1,Y15-24,2021,15.694006,
ITC44,UNEM_R,1,Y15-24,2022,21.007503,
ITC44,UNEM_R,1,Y15-24,2023,12.949438,
ITC44,UNEM_R,1,Y15-24,2024,16.495629,
ITC44,UNEM_R,1,Y15-24,2025,16.576381,
ITC44,UNEM_R,1,Y15-34,2018,10.539357,
ITC44,UNEM_R,1,Y15-34,2019,7.27408,
ITC44,UNEM_R,1,Y15-34,2020,6.57437,
ITC44,UNEM_R,1,Y15-34,2021,11.085209,
ITC44,UNEM_R,1,Y15-34,2022,10.033949,
ITC44,UNEM_R,1,Y15-34,2023,10.514675,
ITC44,UNEM_R,1,Y15-34,2024,13.973761,
ITC44,UNEM_R,1,Y15-34,2025,13.247186,
ITC44,UNEM_R,1,Y15-64,2018,5.351867,
ITC44,UNEM_R,1,Y15-64,2019,4.697386,
ITC44,UNEM_R,1,Y15-64,2020,4.283213,
ITC44,UNEM_R,1,Y15-64,2021,5.675505,
ITC44,UNEM_R,1,Y15-64,2022,5.460421,
ITC44,UNEM_R,1,Y15-64,2023,5.06756,
ITC44,UNEM_R,1,Y15-64,2024,6.038001,
ITC44,UNEM_R,1,Y15-64,2025,4.566616,
ITC44,UNEM_R,1,Y15-74,2018,5.206088,
ITC44,UNEM_R,1,Y15-74,2019,4.590945,
ITC44,UNEM_R,1,Y15-74,2020,4.190618,
ITC44,UNEM_R,1,Y15-74,2021,5.56411,
ITC44,UNEM_R,1,Y15-74,2022,5.335208,
ITC44,UNEM_R,1,Y15-74,2023,4.920958,
ITC44,UNEM_R,1,Y15-74,2024,5.862798,
ITC44,UNEM_R,1,Y15-74,2025,4.573328,
ITC44,UNEM_R,1,Y20-64,2018,4.846979,
ITC44,UNEM_R,1,Y20-64,2019,4.036922,
ITC44,UNEM_R,1,Y20-64,2020,4.08343,
ITC44,UNEM_R,1,Y20-64,2021,5.719888,
ITC44,UNEM_R,1,Y20-64,2022,5.197767,
ITC44,UNEM_R,1,Y20-64,2023,4.786305,
ITC44,UNEM_R,1,Y20-64,2024,5.57643,
ITC44,UNEM_R,1,Y20-64,2025,3.947948,
ITC44,UNEM_R,1,Y25-34,2018,8.129496,
ITC44,UNEM_R,1,Y25-34,2019,3.362558,
ITC44,UNEM_R,1,Y25-34,2020,5.75855,
ITC44,UNEM_R,1,Y25-34,2021,9.055118,
ITC44,UNEM_R,1,Y25-34,2022,6.097873,
ITC44,UNEM_R,1,Y25-34,2023,9.456986,
ITC44,UNEM_R,1,Y25-34,2024,13.213385,
ITC44,UNEM_R,1,Y25-34,2025,11.858328,
ITC44,UNEM_R,1,Y35-49,2018,3.446401,
ITC44,UNEM_R,1,Y35-49,2019,2.907142,
ITC44,UNEM_R,1,Y35-49,2020,1.917217,
ITC44,UNEM_R,1,Y35-49,2021,2.063512,
ITC44,UNEM_R,1,Y35-49,2022,4.191916,
ITC44,UNEM_R,1,Y35-49,2023,3.725726,
ITC44,UNEM_R,1,Y35-49,2024,3.747442,
ITC44,UNEM_R,1,Y35-49,2025,2.196193,
ITC44,UNEM_R,1,Y50-74,2018,3.118517,
ITC44,UNEM_R,1,Y50-74,2019,4.141571,
ITC44,UNEM_R,1,Y50-74,2020,4.344533,
ITC44,UNEM_R,1,Y50-74,2021,4.756466,
ITC44,UNEM_R,1,Y50-74,2022,3.456702,
ITC44,UNEM_R,1,Y50-74,2023,2.117605,
ITC44,UNEM_R,1,Y50-74,2024,2.564858,
ITC44,UNEM_R,1,Y50-74,2025,0.207358,
ITC44,UNEM_R,2,Y15-24,2018,28.330838,
ITC44,UNEM_R,2,Y15-24,2019,13.329082,
ITC44,UNEM_R,2,Y15-24,2020,18.975515,
ITC44,UNEM_R,2,Y15-24,2021,20.211516,
ITC44,UNEM_R,2,Y15-24,2022,24.753173,
ITC44,UNEM_R,2,Y15-24,2023,17.2147,
ITC44,UNEM_R,2,Y15-24,2024,17.849462,
ITC44,UNEM_R,2,Y15-24,2025,3.204686,
ITC44,UNEM_R,2,Y15-34,2018,18.539712,
ITC44,UNEM_R,2,Y15-34,2019,11.544393,
ITC44,UNEM_R,2,Y15-34,2020,11.43234,
ITC44,UNEM_R,2,Y15-34,2021,14.854052,
ITC44,UNEM_R,2,Y15-34,2022,15.642458,
ITC44,UNEM_R,2,Y15-34,2023,13.254856,
ITC44,UNEM_R,2,Y15-34,2024,15.051395,
ITC44,UNEM_R,2,Y15-34,2025,1.245647,
ITC44,UNEM_R,2,Y15-64,2018,8.633399,
ITC44,UNEM_R,2,Y15-64,2019,6.590419,
ITC44,UNEM_R,2,Y15-64,2020,7.520047,
ITC44,UNEM_R,2,Y15-64,2021,7.685158,
ITC44,UNEM_R,2,Y15-64,2022,7.891925,
ITC44,UNEM_R,2,Y15-64,2023,8.132321,
ITC44,UNEM_R,2,Y15-64,2024,7.764861,
ITC44,UNEM_R,2,Y15-64,2025,3.479871,
ITC44,UNEM_R,2,Y15-74,2018,8.572635,
ITC44,UNEM_R,2,Y15-74,2019,6.507778,
ITC44,UNEM_R,2,Y15-74,2020,7.450742,
ITC44,UNEM_R,2,Y15-74,2021,7.638568,
ITC44,UNEM_R,2,Y15-74,2022,7.77347,
ITC44,UNEM_R,2,Y15-74,2023,8.069156,
ITC44,UNEM_R,2,Y15-74,2024,7.729349,
ITC44,UNEM_R,2,Y15-74,2025,3.541112,
ITC44,UNEM_R,2,Y20-64,2018,8.159622,
ITC44,UNEM_R,2,Y20-64,2019,5.986066,
ITC44,UNEM_R,2,Y20-64,2020,7.338936,
ITC44,UNEM_R,2,Y20-64,2021,7.561148,
ITC44,UNEM_R,2,Y20-64,2022,6.902905,
ITC44,UNEM_R,2,Y20-64,2023,7.546386,
ITC44,UNEM_R,2,Y20-64,2024,7.617102,
ITC44,UNEM_R,2,Y20-64,2025,3.479871,
ITC44,UNEM_R,2,Y25-34,2018,14.245672,
ITC44,UNEM_R,2,Y25-34,2019,10.61932,
ITC44,UNEM_R,2,Y25-34,2020,7.542132,
ITC44,UNEM_R,2,Y25-34,2021,12.674051,
ITC44,UNEM_R,2,Y25-34,2022,11.663834,
ITC44,UNEM_R,2,Y25-34,2023,11.505922,
ITC44,UNEM_R,2,Y25-34,2024,13.600892,
ITC44,UNEM_R,2,Y35-49,2018,5.966887,
ITC44,UNEM_R,2,Y35-49,2019,4.799575,
ITC44,UNEM_R,2,Y35-49,2020,8.351697,
ITC44,UNEM_R,2,Y35-49,2021,6.117579,
ITC44,UNEM_R,2,Y35-49,2022,6.836134,
ITC44,UNEM_R,2,Y35-49,2023,5.974416,
ITC44,UNEM_R,2,Y35-49,2024,8.623411,
ITC44,UNEM_R,2,Y35-49,2025,3.085542,
ITC44,UNEM_R,2,Y50-74,2018,4.485149,
ITC44,UNEM_R,2,Y50-74,2019,4.830918,
ITC44,UNEM_R,2,Y50-74,2020,3.3773,
ITC44,UNEM_R,2,Y50-74,2021,4.045565,
ITC44,UNEM_R,2,Y50-74,2022,3.098788,
ITC44,UNEM_R,2,Y50-74,2023,6.868177,
ITC44,UNEM_R,2,Y50-74,2024,3.254853,
ITC44,UNEM_R,2,Y50-74,2025,5.297962,
ITC44,UNEM_R,9,Y15-24,2018,21.02811,
ITC44,UNEM_R,9,Y15-24,2019,15.541031,
ITC44,UNEM_R,9,Y15-24,2020,13.341034,
ITC44,UNEM_R,9,Y15-24,2021,17.508259,
ITC44,UNEM_R,9,Y15-24,2022,22.896699,
ITC44,UNEM_R,9,Y15-24,2023,14.759967,
ITC44,UNEM_R,9,Y15-24,2024,17.130751,
ITC44,UNEM_R,9,Y15-24,2025,10.706703,
ITC44,UNEM_R,9,Y15-34,2018,13.89302,
ITC44,UNEM_R,9,Y15-34,2019,9.000089,
ITC44,UNEM_R,9,Y15-34,2020,8.480718,
ITC44,UNEM_R,9,Y15-34,2021,12.653655,
ITC44,UNEM_R,9,Y15-34,2022,12.655049,
ITC44,UNEM_R,9,Y15-34,2023,11.664198,
ITC44,UNEM_R,9,Y15-34,2024,14.383222,
ITC44,UNEM_R,9,Y15-34,2025,8.784861,
ITC44,UNEM_R,9,Y15-64,2018,6.79959,
ITC44,UNEM_R,9,Y15-64,2019,5.53607,
ITC44,UNEM_R,9,Y15-64,2020,5.711859,
ITC44,UNEM_R,9,Y15-64,2021,6.573093,
ITC44,UNEM_R,9,Y15-64,2022,6.569783,
ITC44,UNEM_R,9,Y15-64,2023,6.431632,
ITC44,UNEM_R,9,Y15-64,2024,6.762961,
ITC44,UNEM_R,9,Y15-64,2025,4.107707,
ITC44,UNEM_R,9,Y15-74,2018,6.674279,
ITC44,UNEM_R,9,Y15-74,2019,5.435274,
ITC44,UNEM_R,9,Y15-74,2020,5.6195,
ITC44,UNEM_R,9,Y15-74,2021,6.483519,
ITC44,UNEM_R,9,Y15-74,2022,6.442686,
ITC44,UNEM_R,9,Y15-74,2023,6.305508,
ITC44,UNEM_R,9,Y15-74,2024,6.639852,
ITC44,UNEM_R,9,Y15-74,2025,4.139485,
ITC44,UNEM_R,9,Y20-64,2018,6.310501,
ITC44,UNEM_R,9,Y20-64,2019,4.901652,
ITC44,UNEM_R,9,Y20-64,2020,5.516194,
ITC44,UNEM_R,9,Y20-64,2021,6.54022,
ITC44,UNEM_R,9,Y20-64,2022,5.968712,
ITC44,UNEM_R,9,Y20-64,2023,6.007839,
ITC44,UNEM_R,9,Y20-64,2024,6.436779,
ITC44,UNEM_R,9,Y20-64,2025,3.747666,
ITC44,UNEM_R,9,Y25-34,2018,10.703873,
ITC44,UNEM_R,9,Y25-34,2019,6.1201,
ITC44,UNEM_R,9,Y25-34,2020,6.416093,
ITC44,UNEM_R,9,Y25-34,2021,10.583673,
ITC44,UNEM_R,9,Y25-34,2022,8.614652,
ITC44,UNEM_R,9,Y25-34,2023,10.316222,
ITC44,UNEM_R,9,Y25-34,2024,13.34595,
ITC44,UNEM_R,9,Y25-34,2025,7.845173,
ITC44,UNEM_R,9,Y35-49,2018,4.582637,
ITC44,UNEM_R,9,Y35-49,2019,3.783834,
ITC44,UNEM_R,9,Y35-49,2020,4.900058,
ITC44,UNEM_R,9,Y35-49,2021,3.928167,
ITC44,UNEM_R,9,Y35-49,2022,5.422109,
ITC44,UNEM_R,9,Y35-49,2023,4.781558,
ITC44,UNEM_R,9,Y35-49,2024,5.758012,
ITC44,UNEM_R,9,Y35-49,2025,2.590328,
ITC44,UNEM_R,9,Y50-74,2018,3.707666,
ITC44,UNEM_R,9,Y50-74,2019,4.450584,
ITC44,UNEM_R,9,Y50-74,2020,3.908881,
ITC44,UNEM_R,9,Y50-74,2021,4.440054,
ITC44,UNEM_R,9,Y50-74,2022,3.301187,
ITC44,UNEM_R,9,Y50-74,2023,4.128868,
ITC44,UNEM_R,9,Y50-74,2024,2.871284,
ITC44,UNEM_R,9,Y50-74,2025,2.408099,
ITC45,UNEM_R,1,Y15-24,2018,25.412512,
ITC45,UNEM_R,1,Y15-24,2019,17.265643,
ITC45,UNEM_R,1,Y15-24,2020,19.739375,
ITC45,UNEM_R,1,Y15-24,2021,23.169057,
ITC45,UNEM_R,1,Y15-24,2022,15.819508,
ITC45,UNEM_R,1,Y15-24,2023,20.120456,
ITC45,UNEM_R,1,Y15-24,2024,12.980505,
ITC45,UNEM_R,1,Y15-24,2025,18.257261,
ITC45,UNEM_R,1,Y15-34,2018,12.305926,
ITC45,UNEM_R,1,Y15-34,2019,8.226911,
ITC45,UNEM_R,1,Y15-34,2020,10.906865,
ITC45,UNEM_R,1,Y15-34,2021,12.464432,
ITC45,UNEM_R,1,Y15-34,2022,7.696989,
ITC45,UNEM_R,1,Y15-34,2023,8.672259,
ITC45,UNEM_R,1,Y15-34,2024,6.589409,
ITC45,UNEM_R,1,Y15-34,2025,6.612257,
ITC45,UNEM_R,1,Y15-64,2018,5.595485,
ITC45,UNEM_R,1,Y15-64,2019,5.562751,
ITC45,UNEM_R,1,Y15-64,2020,5.998761,
ITC45,UNEM_R,1,Y15-64,2021,6.454541,
ITC45,UNEM_R,1,Y15-64,2022,4.551697,
ITC45,UNEM_R,1,Y15-64,2023,4.495132,
ITC45,UNEM_R,1,Y15-64,2024,4.342271,
ITC45,UNEM_R,1,Y15-64,2025,2.668718,
ITC45,UNEM_R,1,Y15-74,2018,5.533892,
ITC45,UNEM_R,1,Y15-74,2019,5.594648,
ITC45,UNEM_R,1,Y15-74,2020,5.876925,
ITC45,UNEM_R,1,Y15-74,2021,6.314776,
ITC45,UNEM_R,1,Y15-74,2022,4.433623,
ITC45,UNEM_R,1,Y15-74,2023,4.385741,
ITC45,UNEM_R,1,Y15-74,2024,4.227929,
ITC45,UNEM_R,1,Y15-74,2025,2.590848,
ITC45,UNEM_R,1,Y20-64,2018,5.368482,
ITC45,UNEM_R,1,Y20-64,2019,5.487442,
ITC45,UNEM_R,1,Y20-64,2020,5.905894,
ITC45,UNEM_R,1,Y20-64,2021,6.306055,
ITC45,UNEM_R,1,Y20-64,2022,4.41421,
ITC45,UNEM_R,1,Y20-64,2023,4.063044,
ITC45,UNEM_R,1,Y20-64,2024,4.300702,
ITC45,UNEM_R,1,Y20-64,2025,2.419879,
ITC45,UNEM_R,1,Y25-34,2018,8.547319,
ITC45,UNEM_R,1,Y25-34,2019,5.819973,
ITC45,UNEM_R,1,Y25-34,2020,8.658487,
ITC45,UNEM_R,1,Y25-34,2021,9.1289,
ITC45,UNEM_R,1,Y25-34,2022,5.5608,
ITC45,UNEM_R,1,Y25-34,2023,5.482982,
ITC45,UNEM_R,1,Y25-34,2024,4.528902,
ITC45,UNEM_R,1,Y25-34,2025,3.783143,
ITC45,UNEM_R,1,Y35-49,2018,3.496031,
ITC45,UNEM_R,1,Y35-49,2019,4.775288,
ITC45,UNEM_R,1,Y35-49,2020,5.434105,
ITC45,UNEM_R,1,Y35-49,2021,4.590579,
ITC45,UNEM_R,1,Y35-49,2022,3.365167,
ITC45,UNEM_R,1,Y35-49,2023,3.099282,
ITC45,UNEM_R,1,Y35-49,2024,3.634346,
ITC45,UNEM_R,1,Y35-49,2025,1.58805,
ITC45,UNEM_R,1,Y50-74,2018,3.223435,
ITC45,UNEM_R,1,Y50-74,2019,4.70872,
ITC45,UNEM_R,1,Y50-74,2020,3.156959,
ITC45,UNEM_R,1,Y50-74,2021,3.933975,
ITC45,UNEM_R,1,Y50-74,2022,3.357734,
ITC45,UNEM_R,1,Y50-74,2023,2.797943,
ITC45,UNEM_R,1,Y50-74,2024,3.250598,
ITC45,UNEM_R,1,Y50-74,2025,1.238177,
ITC45,UNEM_R,2,Y15-24,2018,22.930526,
ITC45,UNEM_R,2,Y15-24,2019,19.547913,
ITC45,UNEM_R,2,Y15-24,2020,25.757483,
ITC45,UNEM_R,2,Y15-24,2021,26.490944,
ITC45,UNEM_R,2,Y15-24,2022,21.898795,
ITC45,UNEM_R,2,Y15-24,2023,14.801231,
ITC45,UNEM_R,2,Y15-24,2024,22.875209,
ITC45,UNEM_R,2,Y15-24,2025,13.494855,
ITC45,UNEM_R,2,Y15-34,2018,11.182315,
ITC45,UNEM_R,2,Y15-34,2019,10.471989,
ITC45,UNEM_R,2,Y15-34,2020,10.996083,
ITC45,UNEM_R,2,Y15-34,2021,13.155746,
ITC45,UNEM_R,2,Y15-34,2022,10.996083,
ITC45,UNEM_R,2,Y15-34,2023,5.732948,
ITC45,UNEM_R,2,Y15-34,2024,6.944645,
ITC45,UNEM_R,2,Y15-34,2025,5.53685,
ITC45,UNEM_R,2,Y15-64,2018,7.531074,
ITC45,UNEM_R,2,Y15-64,2019,6.357073,
ITC45,UNEM_R,2,Y15-64,2020,6.031069,
ITC45,UNEM_R,2,Y15-64,2021,6.669697,
ITC45,UNEM_R,2,Y15-64,2022,6.622211,
ITC45,UNEM_R,2,Y15-64,2023,5.114989,
ITC45,UNEM_R,2,Y15-64,2024,5.164152,
ITC45,UNEM_R,2,Y15-64,2025,3.459994,
ITC45,UNEM_R,2,Y15-74,2018,7.449447,
ITC45,UNEM_R,2,Y15-74,2019,6.299108,
ITC45,UNEM_R,2,Y15-74,2020,6.014446,
ITC45,UNEM_R,2,Y15-74,2021,6.646519,
ITC45,UNEM_R,2,Y15-74,2022,6.627145,
ITC45,UNEM_R,2,Y15-74,2023,5.044647,
ITC45,UNEM_R,2,Y15-74,2024,5.122812,
ITC45,UNEM_R,2,Y15-74,2025,3.441453,
ITC45,UNEM_R,2,Y20-64,2018,7.377153,
ITC45,UNEM_R,2,Y20-64,2019,6.285771,
ITC45,UNEM_R,2,Y20-64,2020,5.879682,
ITC45,UNEM_R,2,Y20-64,2021,6.53528,
ITC45,UNEM_R,2,Y20-64,2022,6.49485,
ITC45,UNEM_R,2,Y20-64,2023,5.065373,
ITC45,UNEM_R,2,Y20-64,2024,4.929554,
ITC45,UNEM_R,2,Y20-64,2025,3.294086,
ITC45,UNEM_R,2,Y25-34,2018,8.69622,
ITC45,UNEM_R,2,Y25-34,2019,8.25247,
ITC45,UNEM_R,2,Y25-34,2020,7.364467,
ITC45,UNEM_R,2,Y25-34,2021,10.462211,
ITC45,UNEM_R,2,Y25-34,2022,7.975902,
ITC45,UNEM_R,2,Y25-34,2023,3.087639,
ITC45,UNEM_R,2,Y25-34,2024,3.463365,
ITC45,UNEM_R,2,Y25-34,2025,3.788421,
ITC45,UNEM_R,2,Y35-49,2018,6.330533,
ITC45,UNEM_R,2,Y35-49,2019,5.37036,
ITC45,UNEM_R,2,Y35-49,2020,4.689581,
ITC45,UNEM_R,2,Y35-49,2021,6.244046,
ITC45,UNEM_R,2,Y35-49,2022,5.936282,
ITC45,UNEM_R,2,Y35-49,2023,5.560789,
ITC45,UNEM_R,2,Y35-49,2024,5.644029,
ITC45,UNEM_R,2,Y35-49,2025,3.813727,
ITC45,UNEM_R,2,Y50-74,2018,6.320466,
ITC45,UNEM_R,2,Y50-74,2019,4.682471,
ITC45,UNEM_R,2,Y50-74,2020,4.305751,
ITC45,UNEM_R,2,Y50-74,2021,3.086244,
ITC45,UNEM_R,2,Y50-74,2022,4.328272,
ITC45,UNEM_R,2,Y50-74,2023,4.041977,
ITC45,UNEM_R,2,Y50-74,2024,3.441644,
ITC45,UNEM_R,2,Y50-74,2025,1.934433,
ITC45,UNEM_R,9,Y15-24,2018,24.436926,
ITC45,UNEM_R,9,Y15-24,2019,18.246783,
ITC45,UNEM_R,9,Y15-24,2020,22.501196,
ITC45,UNEM_R,9,Y15-24,2021,24.345615,
ITC45,UNEM_R,9,Y15-24,2022,18.705123,
ITC45,UNEM_R,9,Y15-24,2023,17.641049,
ITC45,UNEM_R,9,Y15-24,2024,16.739658,
ITC45,UNEM_R,9,Y15-24,2025,16.137164,
ITC45,UNEM_R,9,Y15-34,2018,11.797527,
ITC45,UNEM_R,9,Y15-34,2019,9.229916,
ITC45,UNEM_R,9,Y15-34,2020,10.948417,
ITC45,UNEM_R,9,Y15-34,2021,12.766417,
ITC45,UNEM_R,9,Y15-34,2022,9.229352,
ITC45,UNEM_R,9,Y15-34,2023,7.327958,
ITC45,UNEM_R,9,Y15-34,2024,6.750798,
ITC45,UNEM_R,9,Y15-34,2025,6.111792,
ITC45,UNEM_R,9,Y15-64,2018,6.498022,
ITC45,UNEM_R,9,Y15-64,2019,5.932796,
ITC45,UNEM_R,9,Y15-64,2020,6.013924,
ITC45,UNEM_R,9,Y15-64,2021,6.554319,
ITC45,UNEM_R,9,Y15-64,2022,5.510052,
ITC45,UNEM_R,9,Y15-64,2023,4.781139,
ITC45,UNEM_R,9,Y15-64,2024,4.722511,
ITC45,UNEM_R,9,Y15-64,2025,3.037176,
ITC45,UNEM_R,9,Y15-74,2018,6.421601,
ITC45,UNEM_R,9,Y15-74,2019,5.920716,
ITC45,UNEM_R,9,Y15-74,2020,5.940765,
ITC45,UNEM_R,9,Y15-74,2021,6.46713,
ITC45,UNEM_R,9,Y15-74,2022,5.444789,
ITC45,UNEM_R,9,Y15-74,2023,4.689601,
ITC45,UNEM_R,9,Y15-74,2024,4.642107,
ITC45,UNEM_R,9,Y15-74,2025,2.985972,
ITC45,UNEM_R,9,Y20-64,2018,6.306803,
ITC45,UNEM_R,9,Y20-64,2019,5.860063,
ITC45,UNEM_R,9,Y20-64,2020,5.893635,
ITC45,UNEM_R,9,Y20-64,2021,6.412454,
ITC45,UNEM_R,9,Y20-64,2022,5.376809,
ITC45,UNEM_R,9,Y20-64,2023,4.52704,
ITC45,UNEM_R,9,Y20-64,2024,4.592444,
ITC45,UNEM_R,9,Y20-64,2025,2.827831,
ITC45,UNEM_R,9,Y25-34,2018,8.616918,
ITC45,UNEM_R,9,Y25-34,2019,6.917168,
ITC45,UNEM_R,9,Y25-34,2020,8.053949,
ITC45,UNEM_R,9,Y25-34,2021,9.740094,
ITC45,UNEM_R,9,Y25-34,2022,6.675918,
ITC45,UNEM_R,9,Y25-34,2023,4.393343,
ITC45,UNEM_R,9,Y25-34,2024,4.022815,
ITC45,UNEM_R,9,Y25-34,2025,3.785623,
ITC45,UNEM_R,9,Y35-49,2018,4.826115,
ITC45,UNEM_R,9,Y35-49,2019,5.056029,
ITC45,UNEM_R,9,Y35-49,2020,5.091602,
ITC45,UNEM_R,9,Y35-49,2021,5.363361,
ITC45,UNEM_R,9,Y35-49,2022,4.55474,
ITC45,UNEM_R,9,Y35-49,2023,4.26186,
ITC45,UNEM_R,9,Y35-49,2024,4.583723,
ITC45,UNEM_R,9,Y35-49,2025,2.608624,
ITC45,UNEM_R,9,Y50-74,2018,4.659709,
ITC45,UNEM_R,9,Y50-74,2019,4.696555,
ITC45,UNEM_R,9,Y50-74,2020,3.694526,
ITC45,UNEM_R,9,Y50-74,2021,3.539617,
ITC45,UNEM_R,9,Y50-74,2022,3.801042,
ITC45,UNEM_R,9,Y50-74,2023,3.360683,
ITC45,UNEM_R,9,Y50-74,2024,3.338307,
ITC45,UNEM_R,9,Y50-74,2025,1.565183,
ITC46,UNEM_R,1,Y15-24,2018,18.65582,
ITC46,UNEM_R,1,Y15-24,2019,12.844037,
ITC46,UNEM_R,1,Y15-24,2020,10.986341,
ITC46,UNEM_R,1,Y15-24,2021,10.426785,
ITC46,UNEM_R,1,Y15-24,2022,10.159215,
ITC46,UNEM_R,1,Y15-24,2023,11.355216,
ITC46,UNEM_R,1,Y15-24,2024,3.452464,
ITC46,UNEM_R,1,Y15-24,2025,4.674521,
ITC46,UNEM_R,1,Y15-34,2018,8.284592,
ITC46,UNEM_R,1,Y15-34,2019,5.598907,
ITC46,UNEM_R,1,Y15-34,2020,4.721835,
ITC46,UNEM_R,1,Y15-34,2021,4.789765,
ITC46,UNEM_R,1,Y15-34,2022,3.797083,
ITC46,UNEM_R,1,Y15-34,2023,5.035612,
ITC46,UNEM_R,1,Y15-34,2024,1.985902,
ITC46,UNEM_R,1,Y15-34,2025,1.232306,
ITC46,UNEM_R,1,Y15-64,2018,4.133441,
ITC46,UNEM_R,1,Y15-64,2019,2.759218,
ITC46,UNEM_R,1,Y15-64,2020,2.665731,
ITC46,UNEM_R,1,Y15-64,2021,2.834249,
ITC46,UNEM_R,1,Y15-64,2022,2.421482,
ITC46,UNEM_R,1,Y15-64,2023,2.346136,
ITC46,UNEM_R,1,Y15-64,2024,1.257877,
ITC46,UNEM_R,1,Y15-64,2025,0.771514,
ITC46,UNEM_R,1,Y15-74,2018,4.129831,
ITC46,UNEM_R,1,Y15-74,2019,2.768212,
ITC46,UNEM_R,1,Y15-74,2020,2.605708,
ITC46,UNEM_R,1,Y15-74,2021,2.756474,
ITC46,UNEM_R,1,Y15-74,2022,2.376336,
ITC46,UNEM_R,1,Y15-74,2023,2.360459,
ITC46,UNEM_R,1,Y15-74,2024,1.233444,
ITC46,UNEM_R,1,Y15-74,2025,0.759057,
ITC46,UNEM_R,1,Y20-64,2018,3.924987,
ITC46,UNEM_R,1,Y20-64,2019,2.363531,
ITC46,UNEM_R,1,Y20-64,2020,2.609151,
ITC46,UNEM_R,1,Y20-64,2021,2.633465,
ITC46,UNEM_R,1,Y20-64,2022,2.06251,
ITC46,UNEM_R,1,Y20-64,2023,2.102596,
ITC46,UNEM_R,1,Y20-64,2024,1.203721,
ITC46,UNEM_R,1,Y20-64,2025,0.641311,
ITC46,UNEM_R,1,Y25-34,2018,3.988511,
ITC46,UNEM_R,1,Y25-34,2019,3.001911,
ITC46,UNEM_R,1,Y25-34,2020,2.48307,
ITC46,UNEM_R,1,Y25-34,2021,2.534553,
ITC46,UNEM_R,1,Y25-34,2022,1.39246,
ITC46,UNEM_R,1,Y25-34,2023,2.405486,
ITC46,UNEM_R,1,Y25-34,2024,1.512482,
ITC46,UNEM_R,1,Y35-49,2018,1.740732,
ITC46,UNEM_R,1,Y35-49,2019,1.81563,
ITC46,UNEM_R,1,Y35-49,2020,1.987815,
ITC46,UNEM_R,1,Y35-49,2021,0.990384,
ITC46,UNEM_R,1,Y35-49,2022,1.825138,
ITC46,UNEM_R,1,Y35-49,2023,1.547233,
ITC46,UNEM_R,1,Y35-49,2024,1.313357,
ITC46,UNEM_R,1,Y35-49,2025,0.350595,
ITC46,UNEM_R,1,Y50-74,2018,3.930118,
ITC46,UNEM_R,1,Y50-74,2019,1.841752,
ITC46,UNEM_R,1,Y50-74,2020,1.839301,
ITC46,UNEM_R,1,Y50-74,2021,3.487286,
ITC46,UNEM_R,1,Y50-74,2022,1.87419,
ITC46,UNEM_R,1,Y50-74,2023,1.243695,
ITC46,UNEM_R,1,Y50-74,2024,0.663919,
ITC46,UNEM_R,1,Y50-74,2025,0.866546,
ITC46,UNEM_R,2,Y15-24,2018,12.992374,
ITC46,UNEM_R,2,Y15-24,2019,14.135433,
ITC46,UNEM_R,2,Y15-24,2020,14.192774,
ITC46,UNEM_R,2,Y15-24,2021,12.766834,
ITC46,UNEM_R,2,Y15-24,2022,16.83155,
ITC46,UNEM_R,2,Y15-24,2023,14.202782,
ITC46,UNEM_R,2,Y15-24,2024,3.374736,
ITC46,UNEM_R,2,Y15-24,2025,1.149152,
ITC46,UNEM_R,2,Y15-34,2018,10.607165,
ITC46,UNEM_R,2,Y15-34,2019,6.127981,
ITC46,UNEM_R,2,Y15-34,2020,7.902592,
ITC46,UNEM_R,2,Y15-34,2021,4.952211,
ITC46,UNEM_R,2,Y15-34,2022,7.095042,
ITC46,UNEM_R,2,Y15-34,2023,6.561121,
ITC46,UNEM_R,2,Y15-34,2024,1.406125,
ITC46,UNEM_R,2,Y15-34,2025,3.956515,
ITC46,UNEM_R,2,Y15-64,2018,5.894811,
ITC46,UNEM_R,2,Y15-64,2019,4.761179,
ITC46,UNEM_R,2,Y15-64,2020,3.804129,
ITC46,UNEM_R,2,Y15-64,2021,4.491264,
ITC46,UNEM_R,2,Y15-64,2022,4.833031,
ITC46,UNEM_R,2,Y15-64,2023,3.753465,
ITC46,UNEM_R,2,Y15-64,2024,1.922513,
ITC46,UNEM_R,2,Y15-64,2025,2.182705,
ITC46,UNEM_R,2,Y15-74,2018,5.85554,
ITC46,UNEM_R,2,Y15-74,2019,4.711876,
ITC46,UNEM_R,2,Y15-74,2020,3.735449,
ITC46,UNEM_R,2,Y15-74,2021,4.618829,
ITC46,UNEM_R,2,Y15-74,2022,4.754446,
ITC46,UNEM_R,2,Y15-74,2023,3.695141,
ITC46,UNEM_R,2,Y15-74,2024,1.983749,
ITC46,UNEM_R,2,Y15-74,2025,2.147372,
ITC46,UNEM_R,2,Y20-64,2018,5.856731,
ITC46,UNEM_R,2,Y20-64,2019,4.218244,
ITC46,UNEM_R,2,Y20-64,2020,3.396003,
ITC46,UNEM_R,2,Y20-64,2021,4.45,
ITC46,UNEM_R,2,Y20-64,2022,4.732624,
ITC46,UNEM_R,2,Y20-64,2023,3.52625,
ITC46,UNEM_R,2,Y20-64,2024,1.949336,
ITC46,UNEM_R,2,Y20-64,2025,2.116794,
ITC46,UNEM_R,2,Y25-34,2018,9.844247,
ITC46,UNEM_R,2,Y25-34,2019,2.18879,
ITC46,UNEM_R,2,Y25-34,2020,5.218329,
ITC46,UNEM_R,2,Y25-34,2021,2.602258,
ITC46,UNEM_R,2,Y25-34,2022,3.433878,
ITC46,UNEM_R,2,Y25-34,2023,3.269964,
ITC46,UNEM_R,2,Y25-34,2024,0.66443,
ITC46,UNEM_R,2,Y25-34,2025,4.976739,
ITC46,UNEM_R,2,Y35-49,2018,3.686805,
ITC46,UNEM_R,2,Y35-49,2019,4.145236,
ITC46,UNEM_R,2,Y35-49,2020,2.087048,
ITC46,UNEM_R,2,Y35-49,2021,7.008503,
ITC46,UNEM_R,2,Y35-49,2022,4.66024,
ITC46,UNEM_R,2,Y35-49,2023,4.185852,
ITC46,UNEM_R,2,Y35-49,2024,2.219131,
ITC46,UNEM_R,2,Y35-49,2025,2.101348,
ITC46,UNEM_R,2,Y50-74,2018,4.315549,
ITC46,UNEM_R,2,Y50-74,2019,4.286133,
ITC46,UNEM_R,2,Y50-74,2020,2.438185,
ITC46,UNEM_R,2,Y50-74,2021,1.755143,
ITC46,UNEM_R,2,Y50-74,2022,3.176178,
ITC46,UNEM_R,2,Y50-74,2023,0.950897,
ITC46,UNEM_R,2,Y50-74,2024,2.212686,
ITC46,UNEM_R,2,Y50-74,2025,0.676008,
ITC46,UNEM_R,9,Y15-24,2018,16.402705,
ITC46,UNEM_R,9,Y15-24,2019,13.452733,
ITC46,UNEM_R,9,Y15-24,2020,12.463979,
ITC46,UNEM_R,9,Y15-24,2021,11.328485,
ITC46,UNEM_R,9,Y15-24,2022,12.878102,
ITC46,UNEM_R,9,Y15-24,2023,12.583668,
ITC46,UNEM_R,9,Y15-24,2024,3.413853,
ITC46,UNEM_R,9,Y15-24,2025,2.993128,
ITC46,UNEM_R,9,Y15-34,2018,9.315788,
ITC46,UNEM_R,9,Y15-34,2019,5.819212,
ITC46,UNEM_R,9,Y15-34,2020,6.087471,
ITC46,UNEM_R,9,Y15-34,2021,4.860741,
ITC46,UNEM_R,9,Y15-34,2022,5.1439,
ITC46,UNEM_R,9,Y15-34,2023,5.68457,
ITC46,UNEM_R,9,Y15-34,2024,1.714054,
ITC46,UNEM_R,9,Y15-34,2025,2.524853,
ITC46,UNEM_R,9,Y15-64,2018,4.86308,
ITC46,UNEM_R,9,Y15-64,2019,3.565651,
ITC46,UNEM_R,9,Y15-64,2020,3.133898,
ITC46,UNEM_R,9,Y15-64,2021,3.541943,
ITC46,UNEM_R,9,Y15-64,2022,3.446526,
ITC46,UNEM_R,9,Y15-64,2023,2.935381,
ITC46,UNEM_R,9,Y15-64,2024,1.545735,
ITC46,UNEM_R,9,Y15-64,2025,1.371084,
ITC46,UNEM_R,9,Y15-74,2018,4.839032,
ITC46,UNEM_R,9,Y15-74,2019,3.548724,
ITC46,UNEM_R,9,Y15-74,2020,3.069063,
ITC46,UNEM_R,9,Y15-74,2021,3.545,
ITC46,UNEM_R,9,Y15-74,2022,3.385749,
ITC46,UNEM_R,9,Y15-74,2023,2.91857,
ITC46,UNEM_R,9,Y15-74,2024,1.557043,
ITC46,UNEM_R,9,Y15-74,2025,1.348925,
ITC46,UNEM_R,9,Y20-64,2018,4.722673,
ITC46,UNEM_R,9,Y20-64,2019,3.105876,
ITC46,UNEM_R,9,Y20-64,2020,2.930876,
ITC46,UNEM_R,9,Y20-64,2021,3.410899,
ITC46,UNEM_R,9,Y20-64,2022,3.197846,
ITC46,UNEM_R,9,Y20-64,2023,2.699635,
ITC46,UNEM_R,9,Y20-64,2024,1.525124,
ITC46,UNEM_R,9,Y20-64,2025,1.26668,
ITC46,UNEM_R,9,Y25-34,2018,6.688611,
ITC46,UNEM_R,9,Y25-34,2019,2.68058,
ITC46,UNEM_R,9,Y25-34,2020,3.624158,
ITC46,UNEM_R,9,Y25-34,2021,2.565345,
ITC46,UNEM_R,9,Y25-34,2022,2.225831,
ITC46,UNEM_R,9,Y25-34,2023,2.771118,
ITC46,UNEM_R,9,Y25-34,2024,1.122058,
ITC46,UNEM_R,9,Y25-34,2025,2.354989,
ITC46,UNEM_R,9,Y35-49,2018,2.559389,
ITC46,UNEM_R,9,Y35-49,2019,2.8011,
ITC46,UNEM_R,9,Y35-49,2020,2.029831,
ITC46,UNEM_R,9,Y35-49,2021,3.446032,
ITC46,UNEM_R,9,Y35-49,2022,3.055359,
ITC46,UNEM_R,9,Y35-49,2023,2.676241,
ITC46,UNEM_R,9,Y35-49,2024,1.700941,
ITC46,UNEM_R,9,Y35-49,2025,1.059216,
ITC46,UNEM_R,9,Y50-74,2018,4.07231,
ITC46,UNEM_R,9,Y50-74,2019,2.727125,
ITC46,UNEM_R,9,Y50-74,2020,2.065505,
ITC46,UNEM_R,9,Y50-74,2021,2.738784,
ITC46,UNEM_R,9,Y50-74,2022,2.429001,
ITC46,UNEM_R,9,Y50-74,2023,1.125658,
ITC46,UNEM_R,9,Y50-74,2024,1.295508,
ITC46,UNEM_R,9,Y50-74,2025,0.788623,
ITC47,UNEM_R,1,Y15-24,2018,15.56854,
ITC47,UNEM_R,1,Y15-24,2019,10.970075,
ITC47,UNEM_R,1,Y15-24,2020,9.175888,
ITC47,UNEM_R,1,Y15-24,2021,17.572548,
ITC47,UNEM_R,1,Y15-24,2022,5.473789,
ITC47,UNEM_R,1,Y15-24,2023,9.380883,
ITC47,UNEM_R,1,Y15-24,2024,6.507647,
ITC47,UNEM_R,1,Y15-24,2025,2.025604,
ITC47,UNEM_R,1,Y15-34,2018,6.044892,
ITC47,UNEM_R,1,Y15-34,2019,6.05423,
ITC47,UNEM_R,1,Y15-34,2020,4.002482,
ITC47,UNEM_R,1,Y15-34,2021,8.468113,
ITC47,UNEM_R,1,Y15-34,2022,3.062367,
ITC47,UNEM_R,1,Y15-34,2023,5.241117,
ITC47,UNEM_R,1,Y15-34,2024,2.453012,
ITC47,UNEM_R,1,Y15-34,2025,3.716076,
ITC47,UNEM_R,1,Y15-64,2018,4.22007,
ITC47,UNEM_R,1,Y15-64,2019,3.575792,
ITC47,UNEM_R,1,Y15-64,2020,2.658415,
ITC47,UNEM_R,1,Y15-64,2021,3.966582,
ITC47,UNEM_R,1,Y15-64,2022,1.96986,
ITC47,UNEM_R,1,Y15-64,2023,2.268292,
ITC47,UNEM_R,1,Y15-64,2024,1.977659,
ITC47,UNEM_R,1,Y15-64,2025,2.584432,
ITC47,UNEM_R,1,Y15-74,2018,4.126037,
ITC47,UNEM_R,1,Y15-74,2019,3.492721,
ITC47,UNEM_R,1,Y15-74,2020,2.605925,
ITC47,UNEM_R,1,Y15-74,2021,3.870666,
ITC47,UNEM_R,1,Y15-74,2022,1.919275,
ITC47,UNEM_R,1,Y15-74,2023,2.330069,
ITC47,UNEM_R,1,Y15-74,2024,1.935871,
ITC47,UNEM_R,1,Y15-74,2025,2.519581,
ITC47,UNEM_R,1,Y20-64,2018,3.733004,
ITC47,UNEM_R,1,Y20-64,2019,3.283581,
ITC47,UNEM_R,1,Y20-64,2020,2.250715,
ITC47,UNEM_R,1,Y20-64,2021,3.602974,
ITC47,UNEM_R,1,Y20-64,2022,1.847886,
ITC47,UNEM_R,1,Y20-64,2023,1.982595,
ITC47,UNEM_R,1,Y20-64,2024,1.76566,
ITC47,UNEM_R,1,Y20-64,2025,2.585367,
ITC47,UNEM_R,1,Y25-34,2018,2.083764,
ITC47,UNEM_R,1,Y25-34,2019,3.55103,
ITC47,UNEM_R,1,Y25-34,2020,1.857923,
ITC47,UNEM_R,1,Y25-34,2021,5.652593,
ITC47,UNEM_R,1,Y25-34,2022,1.871215,
ITC47,UNEM_R,1,Y25-34,2023,3.30342,
ITC47,UNEM_R,1,Y25-34,2024,0.704479,
ITC47,UNEM_R,1,Y25-34,2025,4.253127,
ITC47,UNEM_R,1,Y35-49,2018,4.046661,
ITC47,UNEM_R,1,Y35-49,2019,3.066752,
ITC47,UNEM_R,1,Y35-49,2020,1.728901,
ITC47,UNEM_R,1,Y35-49,2021,2.445654,
ITC47,UNEM_R,1,Y35-49,2022,1.297513,
ITC47,UNEM_R,1,Y35-49,2023,0.973754,
ITC47,UNEM_R,1,Y35-49,2024,1.682246,
ITC47,UNEM_R,1,Y35-49,2025,2.285257,
ITC47,UNEM_R,1,Y50-74,2018,2.837467,
ITC47,UNEM_R,1,Y50-74,2019,2.252351,
ITC47,UNEM_R,1,Y50-74,2020,2.522167,
ITC47,UNEM_R,1,Y50-74,2021,2.313289,
ITC47,UNEM_R,1,Y50-74,2022,1.785156,
ITC47,UNEM_R,1,Y50-74,2023,1.632728,
ITC47,UNEM_R,1,Y50-74,2024,1.797055,
ITC47,UNEM_R,1,Y50-74,2025,1.791881,
ITC47,UNEM_R,2,Y15-24,2018,18.17221,
ITC47,UNEM_R,2,Y15-24,2019,17.372255,
ITC47,UNEM_R,2,Y15-24,2020,20.293994,
ITC47,UNEM_R,2,Y15-24,2021,23.120544,
ITC47,UNEM_R,2,Y15-24,2022,6.803834,
ITC47,UNEM_R,2,Y15-24,2023,7.638191,
ITC47,UNEM_R,2,Y15-24,2024,7.716271,
ITC47,UNEM_R,2,Y15-24,2025,11.902893,
ITC47,UNEM_R,2,Y15-34,2018,11.815479,
ITC47,UNEM_R,2,Y15-34,2019,11.125401,
ITC47,UNEM_R,2,Y15-34,2020,9.191437,
ITC47,UNEM_R,2,Y15-34,2021,9.065706,
ITC47,UNEM_R,2,Y15-34,2022,7.35319,
ITC47,UNEM_R,2,Y15-34,2023,6.346793,
ITC47,UNEM_R,2,Y15-34,2024,4.789136,
ITC47,UNEM_R,2,Y15-34,2025,5.749649,
ITC47,UNEM_R,2,Y15-64,2018,6.764234,
ITC47,UNEM_R,2,Y15-64,2019,6.494843,
ITC47,UNEM_R,2,Y15-64,2020,7.00205,
ITC47,UNEM_R,2,Y15-64,2021,6.502662,
ITC47,UNEM_R,2,Y15-64,2022,7.166356,
ITC47,UNEM_R,2,Y15-64,2023,5.039004,
ITC47,UNEM_R,2,Y15-64,2024,4.158794,
ITC47,UNEM_R,2,Y15-64,2025,3.373683,
ITC47,UNEM_R,2,Y15-74,2018,6.760054,
ITC47,UNEM_R,2,Y15-74,2019,6.491939,
ITC47,UNEM_R,2,Y15-74,2020,6.854784,
ITC47,UNEM_R,2,Y15-74,2021,6.343037,
ITC47,UNEM_R,2,Y15-74,2022,7.087797,
ITC47,UNEM_R,2,Y15-74,2023,4.998192,
ITC47,UNEM_R,2,Y15-74,2024,4.087313,
ITC47,UNEM_R,2,Y15-74,2025,3.389257,
ITC47,UNEM_R,2,Y20-64,2018,6.140168,
ITC47,UNEM_R,2,Y20-64,2019,5.988014,
ITC47,UNEM_R,2,Y20-64,2020,6.858236,
ITC47,UNEM_R,2,Y20-64,2021,6.117873,
ITC47,UNEM_R,2,Y20-64,2022,7.195383,
ITC47,UNEM_R,2,Y20-64,2023,5.001123,
ITC47,UNEM_R,2,Y20-64,2024,3.817771,
ITC47,UNEM_R,2,Y20-64,2025,3.193509,
ITC47,UNEM_R,2,Y25-34,2018,9.905687,
ITC47,UNEM_R,2,Y25-34,2019,9.074234,
ITC47,UNEM_R,2,Y25-34,2020,6.764943,
ITC47,UNEM_R,2,Y25-34,2021,5.85448,
ITC47,UNEM_R,2,Y25-34,2022,7.458249,
ITC47,UNEM_R,2,Y25-34,2023,5.974611,
ITC47,UNEM_R,2,Y25-34,2024,3.854451,
ITC47,UNEM_R,2,Y25-34,2025,3.435825,
ITC47,UNEM_R,2,Y35-49,2018,6.048369,
ITC47,UNEM_R,2,Y35-49,2019,4.726148,
ITC47,UNEM_R,2,Y35-49,2020,7.414471,
ITC47,UNEM_R,2,Y35-49,2021,4.281789,
ITC47,UNEM_R,2,Y35-49,2022,7.602075,
ITC47,UNEM_R,2,Y35-49,2023,5.441298,
ITC47,UNEM_R,2,Y35-49,2024,2.91402,
ITC47,UNEM_R,2,Y35-49,2025,2.099883,
ITC47,UNEM_R,2,Y50-74,2018,2.999397,
ITC47,UNEM_R,2,Y50-74,2019,4.107204,
ITC47,UNEM_R,2,Y50-74,2020,4.200542,
ITC47,UNEM_R,2,Y50-74,2021,6.289224,
ITC47,UNEM_R,2,Y50-74,2022,6.140339,
ITC47,UNEM_R,2,Y50-74,2023,3.202115,
ITC47,UNEM_R,2,Y50-74,2024,4.836217,
ITC47,UNEM_R,2,Y50-74,2025,3.0587,
ITC47,UNEM_R,9,Y15-24,2018,16.609891,
ITC47,UNEM_R,9,Y15-24,2019,13.547178,
ITC47,UNEM_R,9,Y15-24,2020,12.759218,
ITC47,UNEM_R,9,Y15-24,2021,19.739298,
ITC47,UNEM_R,9,Y15-24,2022,5.784515,
ITC47,UNEM_R,9,Y15-24,2023,8.769538,
ITC47,UNEM_R,9,Y15-24,2024,6.964577,
ITC47,UNEM_R,9,Y15-24,2025,6.083462,
ITC47,UNEM_R,9,Y15-34,2018,8.692129,
ITC47,UNEM_R,9,Y15-34,2019,8.483579,
ITC47,UNEM_R,9,Y15-34,2020,6.271451,
ITC47,UNEM_R,9,Y15-34,2021,8.736302,
ITC47,UNEM_R,9,Y15-34,2022,4.717268,
ITC47,UNEM_R,9,Y15-34,2023,5.720891,
ITC47,UNEM_R,9,Y15-34,2024,3.459227,
ITC47,UNEM_R,9,Y15-34,2025,4.491253,
ITC47,UNEM_R,9,Y15-64,2018,5.269472,
ITC47,UNEM_R,9,Y15-64,2019,4.801254,
ITC47,UNEM_R,9,Y15-64,2020,4.45154,
ITC47,UNEM_R,9,Y15-64,2021,5.012771,
ITC47,UNEM_R,9,Y15-64,2022,4.130954,
ITC47,UNEM_R,9,Y15-64,2023,3.432371,
ITC47,UNEM_R,9,Y15-64,2024,2.897174,
ITC47,UNEM_R,9,Y15-64,2025,2.909838,
ITC47,UNEM_R,9,Y15-74,2018,5.209581,
ITC47,UNEM_R,9,Y15-74,2019,4.74407,
ITC47,UNEM_R,9,Y15-74,2020,4.361286,
ITC47,UNEM_R,9,Y15-74,2021,4.890807,
ITC47,UNEM_R,9,Y15-74,2022,4.049942,
ITC47,UNEM_R,9,Y15-74,2023,3.437984,
ITC47,UNEM_R,9,Y15-74,2024,2.840759,
ITC47,UNEM_R,9,Y15-74,2025,2.87621,
ITC47,UNEM_R,9,Y20-64,2018,4.727544,
ITC47,UNEM_R,9,Y20-64,2019,4.420436,
ITC47,UNEM_R,9,Y20-64,2020,4.156123,
ITC47,UNEM_R,9,Y20-64,2021,4.646808,
ITC47,UNEM_R,9,Y20-64,2022,4.082158,
ITC47,UNEM_R,9,Y20-64,2023,3.256084,
ITC47,UNEM_R,9,Y20-64,2024,2.632688,
ITC47,UNEM_R,9,Y20-64,2025,2.833867,
ITC47,UNEM_R,9,Y25-34,2018,5.837905,
ITC47,UNEM_R,9,Y25-34,2019,6.374044,
ITC47,UNEM_R,9,Y25-34,2020,4.185022,
ITC47,UNEM_R,9,Y25-34,2021,5.746415,
ITC47,UNEM_R,9,Y25-34,2022,4.332411,
ITC47,UNEM_R,9,Y25-34,2023,4.547921,
ITC47,UNEM_R,9,Y25-34,2024,2.12634,
ITC47,UNEM_R,9,Y25-34,2025,3.950127,
ITC47,UNEM_R,9,Y35-49,2018,4.824276,
ITC47,UNEM_R,9,Y35-49,2019,3.728483,
ITC47,UNEM_R,9,Y35-49,2020,4.064212,
ITC47,UNEM_R,9,Y35-49,2021,3.177236,
ITC47,UNEM_R,9,Y35-49,2022,4.12096,
ITC47,UNEM_R,9,Y35-49,2023,2.914153,
ITC47,UNEM_R,9,Y35-49,2024,2.211203,
ITC47,UNEM_R,9,Y35-49,2025,2.206054,
ITC47,UNEM_R,9,Y50-74,2018,2.902551,
ITC47,UNEM_R,9,Y50-74,2019,2.976754,
ITC47,UNEM_R,9,Y50-74,2020,3.187475,
ITC47,UNEM_R,9,Y50-74,2021,3.909363,
ITC47,UNEM_R,9,Y50-74,2022,3.469491,
ITC47,UNEM_R,9,Y50-74,2023,2.227015,
ITC47,UNEM_R,9,Y50-74,2024,3.020158,
ITC47,UNEM_R,9,Y50-74,2025,2.314686,
ITC48,UNEM_R,1,Y15-24,2018,27.612856,
ITC48,UNEM_R,1,Y15-24,2019,15.798668,
ITC48,UNEM_R,1,Y15-24,2020,15.835333,
ITC48,UNEM_R,1,Y15-24,2021,21.847095,
ITC48,UNEM_R,1,Y15-24,2022,26.306799,
ITC48,UNEM_R,1,Y15-24,2023,21.583324,
ITC48,UNEM_R,1,Y15-24,2024,19.409173,
ITC48,UNEM_R,1,Y15-24,2025,4.734469,
ITC48,UNEM_R,1,Y15-34,2018,14.086105,
ITC48,UNEM_R,1,Y15-34,2019,11.033184,
ITC48,UNEM_R,1,Y15-34,2020,9.702391,
ITC48,UNEM_R,1,Y15-34,2021,14.353748,
ITC48,UNEM_R,1,Y15-34,2022,11.41418,
ITC48,UNEM_R,1,Y15-34,2023,7.89563,
ITC48,UNEM_R,1,Y15-34,2024,9.182524,
ITC48,UNEM_R,1,Y15-34,2025,6.442448,
ITC48,UNEM_R,1,Y15-64,2018,6.744422,
ITC48,UNEM_R,1,Y15-64,2019,5.67927,
ITC48,UNEM_R,1,Y15-64,2020,5.141062,
ITC48,UNEM_R,1,Y15-64,2021,6.087178,
ITC48,UNEM_R,1,Y15-64,2022,5.052946,
ITC48,UNEM_R,1,Y15-64,2023,3.879731,
ITC48,UNEM_R,1,Y15-64,2024,4.891741,
ITC48,UNEM_R,1,Y15-64,2025,3.593036,
ITC48,UNEM_R,1,Y15-74,2018,6.574247,
ITC48,UNEM_R,1,Y15-74,2019,5.591976,
ITC48,UNEM_R,1,Y15-74,2020,5.002572,
ITC48,UNEM_R,1,Y15-74,2021,5.977691,
ITC48,UNEM_R,1,Y15-74,2022,4.934634,
ITC48,UNEM_R,1,Y15-74,2023,3.745856,
ITC48,UNEM_R,1,Y15-74,2024,4.683907,
ITC48,UNEM_R,1,Y15-74,2025,3.456899,
ITC48,UNEM_R,1,Y20-64,2018,6.292876,
ITC48,UNEM_R,1,Y20-64,2019,5.305897,
ITC48,UNEM_R,1,Y20-64,2020,4.932679,
ITC48,UNEM_R,1,Y20-64,2021,5.612281,
ITC48,UNEM_R,1,Y20-64,2022,4.687762,
ITC48,UNEM_R,1,Y20-64,2023,3.683304,
ITC48,UNEM_R,1,Y20-64,2024,4.719022,
ITC48,UNEM_R,1,Y20-64,2025,3.409657,
ITC48,UNEM_R,1,Y25-34,2018,9.734828,
ITC48,UNEM_R,1,Y25-34,2019,9.311501,
ITC48,UNEM_R,1,Y25-34,2020,7.406006,
ITC48,UNEM_R,1,Y25-34,2021,11.882865,
ITC48,UNEM_R,1,Y25-34,2022,5.674537,
ITC48,UNEM_R,1,Y25-34,2023,2.312139,
ITC48,UNEM_R,1,Y25-34,2024,5.800951,
ITC48,UNEM_R,1,Y25-34,2025,6.913094,
ITC48,UNEM_R,1,Y35-49,2018,4.941496,
ITC48,UNEM_R,1,Y35-49,2019,4.297475,
ITC48,UNEM_R,1,Y35-49,2020,3.639201,
ITC48,UNEM_R,1,Y35-49,2021,4.546432,
ITC48,UNEM_R,1,Y35-49,2022,2.810983,
ITC48,UNEM_R,1,Y35-49,2023,2.870549,
ITC48,UNEM_R,1,Y35-49,2024,2.961518,
ITC48,UNEM_R,1,Y35-49,2025,1.927953,
ITC48,UNEM_R,1,Y50-74,2018,3.156684,
ITC48,UNEM_R,1,Y50-74,2019,3.204686,
ITC48,UNEM_R,1,Y50-74,2020,3.720176,
ITC48,UNEM_R,1,Y50-74,2021,1.940105,
ITC48,UNEM_R,1,Y50-74,2022,3.24221,
ITC48,UNEM_R,1,Y50-74,2023,2.380399,
ITC48,UNEM_R,1,Y50-74,2024,3.736549,
ITC48,UNEM_R,1,Y50-74,2025,2.728858,
ITC48,UNEM_R,2,Y15-24,2018,12.921615,
ITC48,UNEM_R,2,Y15-24,2019,22.446615,
ITC48,UNEM_R,2,Y15-24,2020,21.336328,
ITC48,UNEM_R,2,Y15-24,2021,30.575404,
ITC48,UNEM_R,2,Y15-24,2022,24.651325,
ITC48,UNEM_R,2,Y15-24,2023,14.576962,
ITC48,UNEM_R,2,Y15-24,2025,14.543791,
ITC48,UNEM_R,2,Y15-34,2018,12.34235,
ITC48,UNEM_R,2,Y15-34,2019,12.321734,
ITC48,UNEM_R,2,Y15-34,2020,13.77859,
ITC48,UNEM_R,2,Y15-34,2021,12.494273,
ITC48,UNEM_R,2,Y15-34,2022,12.124022,
ITC48,UNEM_R,2,Y15-34,2023,11.136312,
ITC48,UNEM_R,2,Y15-34,2024,0.59803,
ITC48,UNEM_R,2,Y15-34,2025,7.00484,
ITC48,UNEM_R,2,Y15-64,2018,6.429534,
ITC48,UNEM_R,2,Y15-64,2019,7.917855,
ITC48,UNEM_R,2,Y15-64,2020,6.483093,
ITC48,UNEM_R,2,Y15-64,2021,8.362542,
ITC48,UNEM_R,2,Y15-64,2022,7.36072,
ITC48,UNEM_R,2,Y15-64,2023,5.913603,
ITC48,UNEM_R,2,Y15-64,2024,2.146202,
ITC48,UNEM_R,2,Y15-64,2025,4.957948,
ITC48,UNEM_R,2,Y15-74,2018,6.397994,
ITC48,UNEM_R,2,Y15-74,2019,7.852408,
ITC48,UNEM_R,2,Y15-74,2020,6.351673,
ITC48,UNEM_R,2,Y15-74,2021,8.178362,
ITC48,UNEM_R,2,Y15-74,2022,7.255981,
ITC48,UNEM_R,2,Y15-74,2023,5.816974,
ITC48,UNEM_R,2,Y15-74,2024,2.090061,
ITC48,UNEM_R,2,Y15-74,2025,4.835066,
ITC48,UNEM_R,2,Y20-64,2018,6.225013,
ITC48,UNEM_R,2,Y20-64,2019,7.690248,
ITC48,UNEM_R,2,Y20-64,2020,6.079608,
ITC48,UNEM_R,2,Y20-64,2021,8.390992,
ITC48,UNEM_R,2,Y20-64,2022,6.879801,
ITC48,UNEM_R,2,Y20-64,2023,5.840182,
ITC48,UNEM_R,2,Y20-64,2024,2.146202,
ITC48,UNEM_R,2,Y20-64,2025,4.982128,
ITC48,UNEM_R,2,Y25-34,2018,12.136031,
ITC48,UNEM_R,2,Y25-34,2019,9.296929,
ITC48,UNEM_R,2,Y25-34,2020,11.557291,
ITC48,UNEM_R,2,Y25-34,2021,6.669494,
ITC48,UNEM_R,2,Y25-34,2022,8.355187,
ITC48,UNEM_R,2,Y25-34,2023,10.151692,
ITC48,UNEM_R,2,Y25-34,2024,0.723431,
ITC48,UNEM_R,2,Y25-34,2025,5.437779,
ITC48,UNEM_R,2,Y35-49,2018,5.828548,
ITC48,UNEM_R,2,Y35-49,2019,8.251867,
ITC48,UNEM_R,2,Y35-49,2020,4.548057,
ITC48,UNEM_R,2,Y35-49,2021,9.790603,
ITC48,UNEM_R,2,Y35-49,2022,5.186931,
ITC48,UNEM_R,2,Y35-49,2023,6.135434,
ITC48,UNEM_R,2,Y35-49,2024,2.90158,
ITC48,UNEM_R,2,Y35-49,2025,5.592925,
ITC48,UNEM_R,2,Y50-74,2018,3.197351,
ITC48,UNEM_R,2,Y50-74,2019,4.380358,
ITC48,UNEM_R,2,Y50-74,2020,3.889972,
ITC48,UNEM_R,2,Y50-74,2021,3.852858,
ITC48,UNEM_R,2,Y50-74,2022,6.480581,
ITC48,UNEM_R,2,Y50-74,2023,2.913787,
ITC48,UNEM_R,2,Y50-74,2024,2.137034,
ITC48,UNEM_R,2,Y50-74,2025,2.975505,
ITC48,UNEM_R,9,Y15-24,2018,21.201438,
ITC48,UNEM_R,9,Y15-24,2019,18.440789,
ITC48,UNEM_R,9,Y15-24,2020,18.051576,
ITC48,UNEM_R,9,Y15-24,2021,25.287186,
ITC48,UNEM_R,9,Y15-24,2022,25.65445,
ITC48,UNEM_R,9,Y15-24,2023,19.019637,
ITC48,UNEM_R,9,Y15-24,2024,12.752192,
ITC48,UNEM_R,9,Y15-24,2025,8.197783,
ITC48,UNEM_R,9,Y15-34,2018,13.356367,
ITC48,UNEM_R,9,Y15-34,2019,11.590461,
ITC48,UNEM_R,9,Y15-34,2020,11.52398,
ITC48,UNEM_R,9,Y15-34,2021,13.613053,
ITC48,UNEM_R,9,Y15-34,2022,11.726511,
ITC48,UNEM_R,9,Y15-34,2023,9.280432,
ITC48,UNEM_R,9,Y15-34,2024,5.508084,
ITC48,UNEM_R,9,Y15-34,2025,6.671584,
ITC48,UNEM_R,9,Y15-64,2018,6.602433,
ITC48,UNEM_R,9,Y15-64,2019,6.703786,
ITC48,UNEM_R,9,Y15-64,2020,5.741034,
ITC48,UNEM_R,9,Y15-64,2021,7.104796,
ITC48,UNEM_R,9,Y15-64,2022,6.079375,
ITC48,UNEM_R,9,Y15-64,2023,4.781285,
ITC48,UNEM_R,9,Y15-64,2024,3.677191,
ITC48,UNEM_R,9,Y15-64,2025,4.202022,
ITC48,UNEM_R,9,Y15-74,2018,6.495671,
ITC48,UNEM_R,9,Y15-74,2019,6.615999,
ITC48,UNEM_R,9,Y15-74,2020,5.603454,
ITC48,UNEM_R,9,Y15-74,2021,6.953079,
ITC48,UNEM_R,9,Y15-74,2022,5.94689,
ITC48,UNEM_R,9,Y15-74,2023,4.66186,
ITC48,UNEM_R,9,Y15-74,2024,3.547261,
ITC48,UNEM_R,9,Y15-74,2025,4.067213,
ITC48,UNEM_R,9,Y20-64,2018,6.262283,
ITC48,UNEM_R,9,Y20-64,2019,6.398779,
ITC48,UNEM_R,9,Y20-64,2020,5.443987,
ITC48,UNEM_R,9,Y20-64,2021,6.856613,
ITC48,UNEM_R,9,Y20-64,2022,5.662875,
ITC48,UNEM_R,9,Y20-64,2023,4.641161,
ITC48,UNEM_R,9,Y20-64,2024,3.575114,
ITC48,UNEM_R,9,Y20-64,2025,4.110605,
ITC48,UNEM_R,9,Y25-34,2018,10.725216,
ITC48,UNEM_R,9,Y25-34,2019,9.304825,
ITC48,UNEM_R,9,Y25-34,2020,9.322551,
ITC48,UNEM_R,9,Y25-34,2021,9.799031,
ITC48,UNEM_R,9,Y25-34,2022,6.898117,
ITC48,UNEM_R,9,Y25-34,2023,5.84141,
ITC48,UNEM_R,9,Y25-34,2024,3.508401,
ITC48,UNEM_R,9,Y25-34,2025,6.29249,
ITC48,UNEM_R,9,Y35-49,2018,5.358767,
ITC48,UNEM_R,9,Y35-49,2019,6.167349,
ITC48,UNEM_R,9,Y35-49,2020,4.051722,
ITC48,UNEM_R,9,Y35-49,2021,7.035702,
ITC48,UNEM_R,9,Y35-49,2022,3.894681,
ITC48,UNEM_R,9,Y35-49,2023,4.326938,
ITC48,UNEM_R,9,Y35-49,2024,2.9347,
ITC48,UNEM_R,9,Y35-49,2025,3.68221,
ITC48,UNEM_R,9,Y50-74,2018,3.174316,
ITC48,UNEM_R,9,Y50-74,2019,3.728031,
ITC48,UNEM_R,9,Y50-74,2020,3.794105,
ITC48,UNEM_R,9,Y50-74,2021,2.774884,
ITC48,UNEM_R,9,Y50-74,2022,4.580984,
ITC48,UNEM_R,9,Y50-74,2023,2.618102,
ITC48,UNEM_R,9,Y50-74,2024,3.039865,
ITC48,UNEM_R,9,Y50-74,2025,2.836289,
ITC49,UNEM_R,1,Y15-24,2018,15.738439,
ITC49,UNEM_R,1,Y15-24,2019,21.725318,
ITC49,UNEM_R,1,Y15-24,2020,29.446714,
ITC49,UNEM_R,1,Y15-24,2021,18.552279,
ITC49,UNEM_R,1,Y15-24,2022,13.851992,
ITC49,UNEM_R,1,Y15-24,2023,19.355609,
ITC49,UNEM_R,1,Y15-24,2024,2.38167,
ITC49,UNEM_R,1,Y15-24,2025,8.740106,
ITC49,UNEM_R,1,Y15-34,2018,8.996999,
ITC49,UNEM_R,1,Y15-34,2019,9.891712,
ITC49,UNEM_R,1,Y15-34,2020,12.114657,
ITC49,UNEM_R,1,Y15-34,2021,11.242684,
ITC49,UNEM_R,1,Y15-34,2022,7.693875,
ITC49,UNEM_R,1,Y15-34,2023,7.034571,
ITC49,UNEM_R,1,Y15-34,2024,2.818092,
ITC49,UNEM_R,1,Y15-34,2025,2.194266,
ITC49,UNEM_R,1,Y15-64,2018,5.006729,
ITC49,UNEM_R,1,Y15-64,2019,6.271985,
ITC49,UNEM_R,1,Y15-64,2020,6.633045,
ITC49,UNEM_R,1,Y15-64,2021,4.881311,
ITC49,UNEM_R,1,Y15-64,2022,4.586793,
ITC49,UNEM_R,1,Y15-64,2023,3.825184,
ITC49,UNEM_R,1,Y15-64,2024,1.972803,
ITC49,UNEM_R,1,Y15-64,2025,1.389612,
ITC49,UNEM_R,1,Y15-74,2018,4.877569,
ITC49,UNEM_R,1,Y15-74,2019,6.138137,
ITC49,UNEM_R,1,Y15-74,2020,6.431472,
ITC49,UNEM_R,1,Y15-74,2021,4.744586,
ITC49,UNEM_R,1,Y15-74,2022,4.489315,
ITC49,UNEM_R,1,Y15-74,2023,3.832717,
ITC49,UNEM_R,1,Y15-74,2024,1.923399,
ITC49,UNEM_R,1,Y15-74,2025,1.35142,
ITC49,UNEM_R,1,Y20-64,2018,4.677658,
ITC49,UNEM_R,1,Y20-64,2019,5.923633,
ITC49,UNEM_R,1,Y20-64,2020,6.440494,
ITC49,UNEM_R,1,Y20-64,2021,4.695172,
ITC49,UNEM_R,1,Y20-64,2022,4.4867,
ITC49,UNEM_R,1,Y20-64,2023,3.611396,
ITC49,UNEM_R,1,Y20-64,2024,1.845904,
ITC49,UNEM_R,1,Y20-64,2025,1.339999,
ITC49,UNEM_R,1,Y25-34,2018,6.375546,
ITC49,UNEM_R,1,Y25-34,2019,5.206515,
ITC49,UNEM_R,1,Y25-34,2020,8.256881,
ITC49,UNEM_R,1,Y25-34,2021,8.755928,
ITC49,UNEM_R,1,Y25-34,2022,5.626529,
ITC49,UNEM_R,1,Y25-34,2023,1.843643,
ITC49,UNEM_R,1,Y25-34,2024,2.951181,
ITC49,UNEM_R,1,Y25-34,2025,0.338346,
ITC49,UNEM_R,1,Y35-49,2018,3.772401,
ITC49,UNEM_R,1,Y35-49,2019,5.872463,
ITC49,UNEM_R,1,Y35-49,2020,3.707317,
ITC49,UNEM_R,1,Y35-49,2021,1.674174,
ITC49,UNEM_R,1,Y35-49,2022,3.700986,
ITC49,UNEM_R,1,Y35-49,2023,3.202831,
ITC49,UNEM_R,1,Y35-49,2024,1.985413,
ITC49,UNEM_R,1,Y35-49,2025,1.003542,
ITC49,UNEM_R,1,Y50-74,2018,3.422071,
ITC49,UNEM_R,1,Y50-74,2019,3.876669,
ITC49,UNEM_R,1,Y50-74,2020,5.391121,
ITC49,UNEM_R,1,Y50-74,2021,3.714058,
ITC49,UNEM_R,1,Y50-74,2022,3.179178,
ITC49,UNEM_R,1,Y50-74,2023,2.4634,
ITC49,UNEM_R,1,Y50-74,2024,1.315789,
ITC49,UNEM_R,1,Y50-74,2025,1.187598,
ITC49,UNEM_R,2,Y15-24,2018,18.435754,
ITC49,UNEM_R,2,Y15-24,2019,21.203228,
ITC49,UNEM_R,2,Y15-24,2020,14.766082,
ITC49,UNEM_R,2,Y15-24,2021,15.429403,
ITC49,UNEM_R,2,Y15-24,2022,8.563273,
ITC49,UNEM_R,2,Y15-24,2023,12.911501,
ITC49,UNEM_R,2,Y15-24,2024,22.244094,
ITC49,UNEM_R,2,Y15-24,2025,15.648855,
ITC49,UNEM_R,2,Y15-34,2018,12.489882,
ITC49,UNEM_R,2,Y15-34,2019,13.772619,
ITC49,UNEM_R,2,Y15-34,2020,10.393821,
ITC49,UNEM_R,2,Y15-34,2021,14.508537,
ITC49,UNEM_R,2,Y15-34,2022,10.39604,
ITC49,UNEM_R,2,Y15-34,2023,8.776,
ITC49,UNEM_R,2,Y15-34,2024,6.693358,
ITC49,UNEM_R,2,Y15-34,2025,4.680948,
ITC49,UNEM_R,2,Y15-64,2018,8.966132,
ITC49,UNEM_R,2,Y15-64,2019,8.615412,
ITC49,UNEM_R,2,Y15-64,2020,5.932011,
ITC49,UNEM_R,2,Y15-64,2021,6.104434,
ITC49,UNEM_R,2,Y15-64,2022,5.935036,
ITC49,UNEM_R,2,Y15-64,2023,4.342342,
ITC49,UNEM_R,2,Y15-64,2024,3.450973,
ITC49,UNEM_R,2,Y15-64,2025,2.939314,
ITC49,UNEM_R,2,Y15-74,2018,8.855506,
ITC49,UNEM_R,2,Y15-74,2019,8.504966,
ITC49,UNEM_R,2,Y15-74,2020,5.803651,
ITC49,UNEM_R,2,Y15-74,2021,5.977195,
ITC49,UNEM_R,2,Y15-74,2022,5.866097,
ITC49,UNEM_R,2,Y15-74,2023,4.272103,
ITC49,UNEM_R,2,Y15-74,2024,3.36816,
ITC49,UNEM_R,2,Y15-74,2025,2.87603,
ITC49,UNEM_R,2,Y20-64,2018,8.959816,
ITC49,UNEM_R,2,Y20-64,2019,8.52318,
ITC49,UNEM_R,2,Y20-64,2020,5.806009,
ITC49,UNEM_R,2,Y20-64,2021,5.832873,
ITC49,UNEM_R,2,Y20-64,2022,5.961863,
ITC49,UNEM_R,2,Y20-64,2023,3.87041,
ITC49,UNEM_R,2,Y20-64,2024,3.216797,
ITC49,UNEM_R,2,Y20-64,2025,2.797532,
ITC49,UNEM_R,2,Y25-34,2018,11.110003,
ITC49,UNEM_R,2,Y25-34,2019,11.307205,
ITC49,UNEM_R,2,Y25-34,2020,9.342027,
ITC49,UNEM_R,2,Y25-34,2021,14.195623,
ITC49,UNEM_R,2,Y25-34,2022,11.02337,
ITC49,UNEM_R,2,Y25-34,2023,7.824033,
ITC49,UNEM_R,2,Y25-34,2024,3.809176,
ITC49,UNEM_R,2,Y25-34,2025,2.768535,
ITC49,UNEM_R,2,Y35-49,2018,10.358083,
ITC49,UNEM_R,2,Y35-49,2019,8.274371,
ITC49,UNEM_R,2,Y35-49,2020,4.542688,
ITC49,UNEM_R,2,Y35-49,2021,4.037518,
ITC49,UNEM_R,2,Y35-49,2022,4.530744,
ITC49,UNEM_R,2,Y35-49,2023,2.963418,
ITC49,UNEM_R,2,Y35-49,2024,2.258879,
ITC49,UNEM_R,2,Y35-49,2025,3.024932,
ITC49,UNEM_R,2,Y50-74,2018,3.20271,
ITC49,UNEM_R,2,Y50-74,2019,4.64455,
ITC49,UNEM_R,2,Y50-74,2020,4.254279,
ITC49,UNEM_R,2,Y50-74,2021,2.657573,
ITC49,UNEM_R,2,Y50-74,2022,3.826794,
ITC49,UNEM_R,2,Y50-74,2023,2.13273,
ITC49,UNEM_R,2,Y50-74,2024,2.466269,
ITC49,UNEM_R,2,Y50-74,2025,1.840835,
ITC49,UNEM_R,9,Y15-24,2018,16.711293,
ITC49,UNEM_R,9,Y15-24,2019,21.51973,
ITC49,UNEM_R,9,Y15-24,2020,23.102867,
ITC49,UNEM_R,9,Y15-24,2021,17.227539,
ITC49,UNEM_R,9,Y15-24,2022,11.413123,
ITC49,UNEM_R,9,Y15-24,2023,17.047021,
ITC49,UNEM_R,9,Y15-24,2024,8.63458,
ITC49,UNEM_R,9,Y15-24,2025,10.801474,
ITC49,UNEM_R,9,Y15-34,2018,10.613897,
ITC49,UNEM_R,9,Y15-34,2019,11.570933,
ITC49,UNEM_R,9,Y15-34,2020,11.400767,
ITC49,UNEM_R,9,Y15-34,2021,12.624858,
ITC49,UNEM_R,9,Y15-34,2022,8.93578,
ITC49,UNEM_R,9,Y15-34,2023,7.856177,
ITC49,UNEM_R,9,Y15-34,2024,4.395237,
ITC49,UNEM_R,9,Y15-34,2025,3.169593,
ITC49,UNEM_R,9,Y15-64,2018,6.686235,
ITC49,UNEM_R,9,Y15-64,2019,7.282878,
ITC49,UNEM_R,9,Y15-64,2020,6.328826,
ITC49,UNEM_R,9,Y15-64,2021,5.412157,
ITC49,UNEM_R,9,Y15-64,2022,5.180575,
ITC49,UNEM_R,9,Y15-64,2023,4.050489,
ITC49,UNEM_R,9,Y15-64,2024,2.582747,
ITC49,UNEM_R,9,Y15-64,2025,2.048469,
ITC49,UNEM_R,9,Y15-74,2018,6.551619,
ITC49,UNEM_R,9,Y15-74,2019,7.154166,
ITC49,UNEM_R,9,Y15-74,2020,6.160354,
ITC49,UNEM_R,9,Y15-74,2021,5.277303,
ITC49,UNEM_R,9,Y15-74,2022,5.092343,
ITC49,UNEM_R,9,Y15-74,2023,4.022686,
ITC49,UNEM_R,9,Y15-74,2024,2.519182,
ITC49,UNEM_R,9,Y15-74,2025,1.997316,
ITC49,UNEM_R,9,Y20-64,2018,6.497994,
ITC49,UNEM_R,9,Y20-64,2019,7.042585,
ITC49,UNEM_R,9,Y20-64,2020,6.165402,
ITC49,UNEM_R,9,Y20-64,2021,5.190907,
ITC49,UNEM_R,9,Y20-64,2022,5.139053,
ITC49,UNEM_R,9,Y20-64,2023,3.723614,
ITC49,UNEM_R,9,Y20-64,2024,2.412689,
ITC49,UNEM_R,9,Y20-64,2025,1.958472,
ITC49,UNEM_R,9,Y25-34,2018,8.710407,
ITC49,UNEM_R,9,Y25-34,2019,7.911495,
ITC49,UNEM_R,9,Y25-34,2020,8.697346,
ITC49,UNEM_R,9,Y25-34,2021,11.065036,
ITC49,UNEM_R,9,Y25-34,2022,8.105062,
ITC49,UNEM_R,9,Y25-34,2023,4.868821,
ITC49,UNEM_R,9,Y25-34,2024,3.320415,
ITC49,UNEM_R,9,Y25-34,2025,1.34413,
ITC49,UNEM_R,9,Y35-49,2018,6.583354,
ITC49,UNEM_R,9,Y35-49,2019,6.965152,
ITC49,UNEM_R,9,Y35-49,2020,4.07897,
ITC49,UNEM_R,9,Y35-49,2021,2.715997,
ITC49,UNEM_R,9,Y35-49,2022,4.068117,
ITC49,UNEM_R,9,Y35-49,2023,3.10192,
ITC49,UNEM_R,9,Y35-49,2024,2.100993,
ITC49,UNEM_R,9,Y35-49,2025,1.881997,
ITC49,UNEM_R,9,Y50-74,2018,3.3386,
ITC49,UNEM_R,9,Y50-74,2019,4.176855,
ITC49,UNEM_R,9,Y50-74,2020,4.903195,
ITC49,UNEM_R,9,Y50-74,2021,3.25966,
ITC49,UNEM_R,9,Y50-74,2022,3.450377,
ITC49,UNEM_R,9,Y50-74,2023,2.325285,
ITC49,UNEM_R,9,Y50-74,2024,1.782713,
ITC49,UNEM_R,9,Y50-74,2025,1.468776,
ITC4A,UNEM_R,1,Y15-24,2018,22.75562,
ITC4A,UNEM_R,1,Y15-24,2019,16.460833,
ITC4A,UNEM_R,1,Y15-24,2020,15.885947,
ITC4A,UNEM_R,1,Y15-24,2021,11.477908,
ITC4A,UNEM_R,1,Y15-24,2022,19.321368,
ITC4A,UNEM_R,1,Y15-24,2023,1.205511,
ITC4A,UNEM_R,1,Y15-24,2024,2.696659,
ITC4A,UNEM_R,1,Y15-24,2025,12.082262,
ITC4A,UNEM_R,1,Y15-34,2018,15.078222,
ITC4A,UNEM_R,1,Y15-34,2019,9.722469,
ITC4A,UNEM_R,1,Y15-34,2020,9.153422,
ITC4A,UNEM_R,1,Y15-34,2021,6.232884,
ITC4A,UNEM_R,1,Y15-34,2022,9.469714,
ITC4A,UNEM_R,1,Y15-34,2023,2.527523,
ITC4A,UNEM_R,1,Y15-34,2024,6.092709,
ITC4A,UNEM_R,1,Y15-34,2025,5.892141,
ITC4A,UNEM_R,1,Y15-64,2018,4.908992,
ITC4A,UNEM_R,1,Y15-64,2019,4.208576,
ITC4A,UNEM_R,1,Y15-64,2020,4.833466,
ITC4A,UNEM_R,1,Y15-64,2021,4.525547,
ITC4A,UNEM_R,1,Y15-64,2022,5.455023,
ITC4A,UNEM_R,1,Y15-64,2023,2.362398,
ITC4A,UNEM_R,1,Y15-64,2024,2.106246,
ITC4A,UNEM_R,1,Y15-64,2025,2.536503,
ITC4A,UNEM_R,1,Y15-74,2018,4.801435,
ITC4A,UNEM_R,1,Y15-74,2019,4.110918,
ITC4A,UNEM_R,1,Y15-74,2020,4.734025,
ITC4A,UNEM_R,1,Y15-74,2021,4.45647,
ITC4A,UNEM_R,1,Y15-74,2022,5.378921,
ITC4A,UNEM_R,1,Y15-74,2023,2.304529,
ITC4A,UNEM_R,1,Y15-74,2024,2.065769,
ITC4A,UNEM_R,1,Y15-74,2025,2.495761,
ITC4A,UNEM_R,1,Y20-64,2018,4.303664,
ITC4A,UNEM_R,1,Y20-64,2019,4.162598,
ITC4A,UNEM_R,1,Y20-64,2020,4.442481,
ITC4A,UNEM_R,1,Y20-64,2021,4.273268,
ITC4A,UNEM_R,1,Y20-64,2022,4.905995,
ITC4A,UNEM_R,1,Y20-64,2023,2.289215,
ITC4A,UNEM_R,1,Y20-64,2024,2.03554,
ITC4A,UNEM_R,1,Y20-64,2025,2.564306,
ITC4A,UNEM_R,1,Y25-34,2018,11.280838,
ITC4A,UNEM_R,1,Y25-34,2019,7.460919,
ITC4A,UNEM_R,1,Y25-34,2020,6.684093,
ITC4A,UNEM_R,1,Y25-34,2021,2.752681,
ITC4A,UNEM_R,1,Y25-34,2022,4.901643,
ITC4A,UNEM_R,1,Y25-34,2023,3.148598,
ITC4A,UNEM_R,1,Y25-34,2024,8.047364,
ITC4A,UNEM_R,1,Y25-34,2025,3.643157,
ITC4A,UNEM_R,1,Y35-49,2018,1.323948,
ITC4A,UNEM_R,1,Y35-49,2019,2.15547,
ITC4A,UNEM_R,1,Y35-49,2020,4.025731,
ITC4A,UNEM_R,1,Y35-49,2021,6.366416,
ITC4A,UNEM_R,1,Y35-49,2022,6.392877,
ITC4A,UNEM_R,1,Y35-49,2023,2.146716,
ITC4A,UNEM_R,1,Y35-49,2024,0.128992,
ITC4A,UNEM_R,1,Y35-49,2025,1.311283,
ITC4A,UNEM_R,1,Y50-74,2018,2.406955,
ITC4A,UNEM_R,1,Y50-74,2019,2.417789,
ITC4A,UNEM_R,1,Y50-74,2020,2.299654,
ITC4A,UNEM_R,1,Y50-74,2021,0.984166,
ITC4A,UNEM_R,1,Y50-74,2022,1.303098,
ITC4A,UNEM_R,1,Y50-74,2023,2.32156,
ITC4A,UNEM_R,1,Y50-74,2024,1.640929,
ITC4A,UNEM_R,1,Y50-74,2025,1.697254,
ITC4A,UNEM_R,2,Y15-24,2018,19.637623,
ITC4A,UNEM_R,2,Y15-24,2019,27.182045,
ITC4A,UNEM_R,2,Y15-24,2020,33.061624,
ITC4A,UNEM_R,2,Y15-24,2021,4.108858,
ITC4A,UNEM_R,2,Y15-24,2022,6.194081,
ITC4A,UNEM_R,2,Y15-24,2023,15.190142,
ITC4A,UNEM_R,2,Y15-24,2024,6.8,
ITC4A,UNEM_R,2,Y15-34,2018,8.462181,
ITC4A,UNEM_R,2,Y15-34,2019,9.462879,
ITC4A,UNEM_R,2,Y15-34,2020,15.974828,
ITC4A,UNEM_R,2,Y15-34,2021,4.90422,
ITC4A,UNEM_R,2,Y15-34,2022,7.181264,
ITC4A,UNEM_R,2,Y15-34,2023,6.420186,
ITC4A,UNEM_R,2,Y15-34,2024,5.129357,
ITC4A,UNEM_R,2,Y15-34,2025,5.373383,
ITC4A,UNEM_R,2,Y15-64,2018,5.540684,
ITC4A,UNEM_R,2,Y15-64,2019,6.123181,
ITC4A,UNEM_R,2,Y15-64,2020,7.061029,
ITC4A,UNEM_R,2,Y15-64,2021,5.766731,
ITC4A,UNEM_R,2,Y15-64,2022,5.299863,
ITC4A,UNEM_R,2,Y15-64,2023,3.079241,
ITC4A,UNEM_R,2,Y15-64,2024,1.626185,
ITC4A,UNEM_R,2,Y15-64,2025,2.274866,
ITC4A,UNEM_R,2,Y15-74,2018,5.464602,
ITC4A,UNEM_R,2,Y15-74,2019,6.025319,
ITC4A,UNEM_R,2,Y15-74,2020,6.957883,
ITC4A,UNEM_R,2,Y15-74,2021,5.657565,
ITC4A,UNEM_R,2,Y15-74,2022,5.434124,
ITC4A,UNEM_R,2,Y15-74,2023,3.047834,
ITC4A,UNEM_R,2,Y15-74,2024,1.812268,
ITC4A,UNEM_R,2,Y15-74,2025,2.24334,
ITC4A,UNEM_R,2,Y20-64,2018,5.540684,
ITC4A,UNEM_R,2,Y20-64,2019,5.341845,
ITC4A,UNEM_R,2,Y20-64,2020,7.041373,
ITC4A,UNEM_R,2,Y20-64,2021,5.781581,
ITC4A,UNEM_R,2,Y20-64,2022,5.31866,
ITC4A,UNEM_R,2,Y20-64,2023,2.922743,
ITC4A,UNEM_R,2,Y20-64,2024,1.350664,
ITC4A,UNEM_R,2,Y20-64,2025,2.281826,
ITC4A,UNEM_R,2,Y25-34,2018,5.74399,
ITC4A,UNEM_R,2,Y25-34,2019,4.183971,
ITC4A,UNEM_R,2,Y25-34,2020,12.081135,
ITC4A,UNEM_R,2,Y25-34,2021,5.1884,
ITC4A,UNEM_R,2,Y25-34,2022,7.528271,
ITC4A,UNEM_R,2,Y25-34,2023,2.927737,
ITC4A,UNEM_R,2,Y25-34,2024,4.599256,
ITC4A,UNEM_R,2,Y25-34,2025,7.138603,
ITC4A,UNEM_R,2,Y35-49,2018,4.991967,
ITC4A,UNEM_R,2,Y35-49,2019,4.437588,
ITC4A,UNEM_R,2,Y35-49,2020,5.170715,
ITC4A,UNEM_R,2,Y35-49,2021,6.521432,
ITC4A,UNEM_R,2,Y35-49,2022,4.833849,
ITC4A,UNEM_R,2,Y35-49,2023,1.544281,
ITC4A,UNEM_R,2,Y35-49,2024,0.605922,
ITC4A,UNEM_R,2,Y35-49,2025,2.321928,
ITC4A,UNEM_R,2,Y50-74,2018,3.416617,
ITC4A,UNEM_R,2,Y50-74,2019,4.564016,
ITC4A,UNEM_R,2,Y50-74,2020,1.769304,
ITC4A,UNEM_R,2,Y50-74,2021,5.04525,
ITC4A,UNEM_R,2,Y50-74,2022,4.804601,
ITC4A,UNEM_R,2,Y50-74,2023,2.338263,
ITC4A,UNEM_R,2,Y50-74,2024,1.055259,
ITC4A,UNEM_R,2,Y50-74,2025,0.211097,
ITC4A,UNEM_R,9,Y15-24,2018,21.656649,
ITC4A,UNEM_R,9,Y15-24,2019,21.374046,
ITC4A,UNEM_R,9,Y15-24,2020,21.765822,
ITC4A,UNEM_R,9,Y15-24,2021,9.102641,
ITC4A,UNEM_R,9,Y15-24,2022,14.341659,
ITC4A,UNEM_R,9,Y15-24,2023,6.843683,
ITC4A,UNEM_R,9,Y15-24,2024,4.052149,
ITC4A,UNEM_R,9,Y15-24,2025,7.069188,
ITC4A,UNEM_R,9,Y15-34,2018,11.912861,
ITC4A,UNEM_R,9,Y15-34,2019,9.599779,
ITC4A,UNEM_R,9,Y15-34,2020,12.08263,
ITC4A,UNEM_R,9,Y15-34,2021,5.683847,
ITC4A,UNEM_R,9,Y15-34,2022,8.494385,
ITC4A,UNEM_R,9,Y15-34,2023,4.206132,
ITC4A,UNEM_R,9,Y15-34,2024,5.680727,
ITC4A,UNEM_R,9,Y15-34,2025,5.667443,
ITC4A,UNEM_R,9,Y15-64,2018,5.176797,
ITC4A,UNEM_R,9,Y15-64,2019,5.027315,
ITC4A,UNEM_R,9,Y15-64,2020,5.78774,
ITC4A,UNEM_R,9,Y15-64,2021,5.060667,
ITC4A,UNEM_R,9,Y15-64,2022,5.39057,
ITC4A,UNEM_R,9,Y15-64,2023,2.665962,
ITC4A,UNEM_R,9,Y15-64,2024,1.900585,
ITC4A,UNEM_R,9,Y15-64,2025,2.425468,
ITC4A,UNEM_R,9,Y15-74,2018,5.08131,
ITC4A,UNEM_R,9,Y15-74,2019,4.92609,
ITC4A,UNEM_R,9,Y15-74,2020,5.683406,
ITC4A,UNEM_R,9,Y15-74,2021,4.975372,
ITC4A,UNEM_R,9,Y15-74,2022,5.402108,
ITC4A,UNEM_R,9,Y15-74,2023,2.616662,
ITC4A,UNEM_R,9,Y15-74,2024,1.957585,
ITC4A,UNEM_R,9,Y15-74,2025,2.388791,
ITC4A,UNEM_R,9,Y20-64,2018,4.834692,
ITC4A,UNEM_R,9,Y20-64,2019,4.664182,
ITC4A,UNEM_R,9,Y20-64,2020,5.559502,
ITC4A,UNEM_R,9,Y20-64,2021,4.927128,
ITC4A,UNEM_R,9,Y20-64,2022,5.080517,
ITC4A,UNEM_R,9,Y20-64,2023,2.558244,
ITC4A,UNEM_R,9,Y20-64,2024,1.742339,
ITC4A,UNEM_R,9,Y20-64,2025,2.443883,
ITC4A,UNEM_R,9,Y25-34,2018,8.375946,
ITC4A,UNEM_R,9,Y25-34,2019,5.85973,
ITC4A,UNEM_R,9,Y25-34,2020,9.141096,
ITC4A,UNEM_R,9,Y25-34,2021,3.876075,
ITC4A,UNEM_R,9,Y25-34,2022,6.075658,
ITC4A,UNEM_R,9,Y25-34,2023,3.050657,
ITC4A,UNEM_R,9,Y25-34,2024,6.417667,
ITC4A,UNEM_R,9,Y25-34,2025,5.179506,
ITC4A,UNEM_R,9,Y35-49,2018,2.808785,
ITC4A,UNEM_R,9,Y35-49,2019,3.11499,
ITC4A,UNEM_R,9,Y35-49,2020,4.549185,
ITC4A,UNEM_R,9,Y35-49,2021,6.434704,
ITC4A,UNEM_R,9,Y35-49,2022,5.735459,
ITC4A,UNEM_R,9,Y35-49,2023,1.890331,
ITC4A,UNEM_R,9,Y35-49,2024,0.332784,
ITC4A,UNEM_R,9,Y35-49,2025,1.749,
ITC4A,UNEM_R,9,Y50-74,2018,2.814615,
ITC4A,UNEM_R,9,Y50-74,2019,3.24848,
ITC4A,UNEM_R,9,Y50-74,2020,2.094647,
ITC4A,UNEM_R,9,Y50-74,2021,2.745232,
ITC4A,UNEM_R,9,Y50-74,2022,2.751297,
ITC4A,UNEM_R,9,Y50-74,2023,2.326676,
ITC4A,UNEM_R,9,Y50-74,2024,1.389565,
ITC4A,UNEM_R,9,Y50-74,2025,1.090607,
ITC4B,UNEM_R,1,Y15-24,2018,19.245552,
ITC4B,UNEM_R,1,Y15-24,2019,15.130435,
ITC4B,UNEM_R,1,Y15-24,2020,19.123335,
ITC4B,UNEM_R,1,Y15-24,2021,18.90625,
ITC4B,UNEM_R,1,Y15-24,2022,17.21266,
ITC4B,UNEM_R,1,Y15-24,2023,12.607945,
ITC4B,UNEM_R,1,Y15-24,2024,7.514855,
ITC4B,UNEM_R,1,Y15-24,2025,11.386697,
ITC4B,UNEM_R,1,Y15-34,2018,13.857755,
ITC4B,UNEM_R,1,Y15-34,2019,6.198331,
ITC4B,UNEM_R,1,Y15-34,2020,10.109696,
ITC4B,UNEM_R,1,Y15-34,2021,9.169288,
ITC4B,UNEM_R,1,Y15-34,2022,7.881809,
ITC4B,UNEM_R,1,Y15-34,2023,4.776485,
ITC4B,UNEM_R,1,Y15-34,2024,3.410692,
ITC4B,UNEM_R,1,Y15-34,2025,4.509703,
ITC4B,UNEM_R,1,Y15-64,2018,5.835047,
ITC4B,UNEM_R,1,Y15-64,2019,5.003368,
ITC4B,UNEM_R,1,Y15-64,2020,4.708811,
ITC4B,UNEM_R,1,Y15-64,2021,4.204069,
ITC4B,UNEM_R,1,Y15-64,2022,4.114916,
ITC4B,UNEM_R,1,Y15-64,2023,3.754404,
ITC4B,UNEM_R,1,Y15-64,2024,2.112368,
ITC4B,UNEM_R,1,Y15-64,2025,2.221503,
ITC4B,UNEM_R,1,Y15-74,2018,5.714338,
ITC4B,UNEM_R,1,Y15-74,2019,4.882036,
ITC4B,UNEM_R,1,Y15-74,2020,4.497347,
ITC4B,UNEM_R,1,Y15-74,2021,4.052006,
ITC4B,UNEM_R,1,Y15-74,2022,4.149784,
ITC4B,UNEM_R,1,Y15-74,2023,3.610965,
ITC4B,UNEM_R,1,Y15-74,2024,2.026854,
ITC4B,UNEM_R,1,Y15-74,2025,2.142354,
ITC4B,UNEM_R,1,Y20-64,2018,5.34494,
ITC4B,UNEM_R,1,Y20-64,2019,4.848815,
ITC4B,UNEM_R,1,Y20-64,2020,4.322451,
ITC4B,UNEM_R,1,Y20-64,2021,3.946651,
ITC4B,UNEM_R,1,Y20-64,2022,3.793747,
ITC4B,UNEM_R,1,Y20-64,2023,3.614086,
ITC4B,UNEM_R,1,Y20-64,2024,1.974792,
ITC4B,UNEM_R,1,Y20-64,2025,1.846303,
ITC4B,UNEM_R,1,Y25-34,2018,11.66338,
ITC4B,UNEM_R,1,Y25-34,2019,2.542234,
ITC4B,UNEM_R,1,Y25-34,2020,6.595555,
ITC4B,UNEM_R,1,Y25-34,2021,5.510717,
ITC4B,UNEM_R,1,Y25-34,2022,4.566751,
ITC4B,UNEM_R,1,Y25-34,2023,2.080761,
ITC4B,UNEM_R,1,Y25-34,2024,1.489859,
ITC4B,UNEM_R,1,Y25-34,2025,1.496666,
ITC4B,UNEM_R,1,Y35-49,2018,2.806047,
ITC4B,UNEM_R,1,Y35-49,2019,4.479192,
ITC4B,UNEM_R,1,Y35-49,2020,1.660615,
ITC4B,UNEM_R,1,Y35-49,2021,2.013293,
ITC4B,UNEM_R,1,Y35-49,2022,3.389243,
ITC4B,UNEM_R,1,Y35-49,2023,3.129989,
ITC4B,UNEM_R,1,Y35-49,2024,0.999681,
ITC4B,UNEM_R,1,Y35-49,2025,0.535687,
ITC4B,UNEM_R,1,Y50-74,2018,4.093235,
ITC4B,UNEM_R,1,Y50-74,2019,4.474267,
ITC4B,UNEM_R,1,Y50-74,2020,4.062172,
ITC4B,UNEM_R,1,Y50-74,2021,2.839238,
ITC4B,UNEM_R,1,Y50-74,2022,2.45662,
ITC4B,UNEM_R,1,Y50-74,2023,3.220814,
ITC4B,UNEM_R,1,Y50-74,2024,2.13667,
ITC4B,UNEM_R,1,Y50-74,2025,2.025651,
ITC4B,UNEM_R,2,Y15-24,2018,23.491592,
ITC4B,UNEM_R,2,Y15-24,2019,15.692964,
ITC4B,UNEM_R,2,Y15-24,2020,15.727003,
ITC4B,UNEM_R,2,Y15-24,2021,14.395973,
ITC4B,UNEM_R,2,Y15-24,2022,11.275056,
ITC4B,UNEM_R,2,Y15-24,2023,13.078674,
ITC4B,UNEM_R,2,Y15-24,2024,11.507841,
ITC4B,UNEM_R,2,Y15-24,2025,20.469799,
ITC4B,UNEM_R,2,Y15-34,2018,14.265888,
ITC4B,UNEM_R,2,Y15-34,2019,12.019231,
ITC4B,UNEM_R,2,Y15-34,2020,12.96404,
ITC4B,UNEM_R,2,Y15-34,2021,7.617988,
ITC4B,UNEM_R,2,Y15-34,2022,5.206061,
ITC4B,UNEM_R,2,Y15-34,2023,12.994908,
ITC4B,UNEM_R,2,Y15-34,2024,6.623384,
ITC4B,UNEM_R,2,Y15-34,2025,7.199589,
ITC4B,UNEM_R,2,Y15-64,2018,7.976323,
ITC4B,UNEM_R,2,Y15-64,2019,8.323493,
ITC4B,UNEM_R,2,Y15-64,2020,4.944226,
ITC4B,UNEM_R,2,Y15-64,2021,5.434501,
ITC4B,UNEM_R,2,Y15-64,2022,4.761723,
ITC4B,UNEM_R,2,Y15-64,2023,6.172223,
ITC4B,UNEM_R,2,Y15-64,2024,5.535826,
ITC4B,UNEM_R,2,Y15-64,2025,6.154782,
ITC4B,UNEM_R,2,Y15-74,2018,7.98976,
ITC4B,UNEM_R,2,Y15-74,2019,8.253748,
ITC4B,UNEM_R,2,Y15-74,2020,4.8646,
ITC4B,UNEM_R,2,Y15-74,2021,5.340001,
ITC4B,UNEM_R,2,Y15-74,2022,4.876065,
ITC4B,UNEM_R,2,Y15-74,2023,6.177105,
ITC4B,UNEM_R,2,Y15-74,2024,5.41442,
ITC4B,UNEM_R,2,Y15-74,2025,5.908041,
ITC4B,UNEM_R,2,Y20-64,2018,7.620383,
ITC4B,UNEM_R,2,Y20-64,2019,8.374378,
ITC4B,UNEM_R,2,Y20-64,2020,4.735054,
ITC4B,UNEM_R,2,Y20-64,2021,5.108319,
ITC4B,UNEM_R,2,Y20-64,2022,4.728845,
ITC4B,UNEM_R,2,Y20-64,2023,5.998471,
ITC4B,UNEM_R,2,Y20-64,2024,5.574418,
ITC4B,UNEM_R,2,Y20-64,2025,5.672467,
ITC4B,UNEM_R,2,Y25-34,2018,11.449921,
ITC4B,UNEM_R,2,Y25-34,2019,10.875912,
ITC4B,UNEM_R,2,Y25-34,2020,12.027491,
ITC4B,UNEM_R,2,Y25-34,2021,5.847287,
ITC4B,UNEM_R,2,Y25-34,2022,3.630053,
ITC4B,UNEM_R,2,Y25-34,2023,12.972407,
ITC4B,UNEM_R,2,Y25-34,2024,5.022145,
ITC4B,UNEM_R,2,Y25-34,2025,2.230425,
ITC4B,UNEM_R,2,Y35-49,2018,6.180317,
ITC4B,UNEM_R,2,Y35-49,2019,8.315984,
ITC4B,UNEM_R,2,Y35-49,2020,2.797944,
ITC4B,UNEM_R,2,Y35-49,2021,5.811463,
ITC4B,UNEM_R,2,Y35-49,2022,4.684372,
ITC4B,UNEM_R,2,Y35-49,2023,5.776565,
ITC4B,UNEM_R,2,Y35-49,2024,4.788559,
ITC4B,UNEM_R,2,Y35-49,2025,8.244733,
ITC4B,UNEM_R,2,Y50-74,2018,6.243114,
ITC4B,UNEM_R,2,Y50-74,2019,5.484209,
ITC4B,UNEM_R,2,Y50-74,2020,2.10115,
ITC4B,UNEM_R,2,Y50-74,2021,3.383235,
ITC4B,UNEM_R,2,Y50-74,2022,4.899056,
ITC4B,UNEM_R,2,Y50-74,2023,2.247228,
ITC4B,UNEM_R,2,Y50-74,2024,5.419609,
ITC4B,UNEM_R,2,Y50-74,2025,2.829048,
ITC4B,UNEM_R,9,Y15-24,2018,20.794941,
ITC4B,UNEM_R,9,Y15-24,2019,15.355528,
ITC4B,UNEM_R,9,Y15-24,2020,17.813765,
ITC4B,UNEM_R,9,Y15-24,2021,17.56487,
ITC4B,UNEM_R,9,Y15-24,2022,15.237125,
ITC4B,UNEM_R,9,Y15-24,2023,12.770035,
ITC4B,UNEM_R,9,Y15-24,2024,8.815211,
ITC4B,UNEM_R,9,Y15-24,2025,14.562253,
ITC4B,UNEM_R,9,Y15-34,2018,14.027574,
ITC4B,UNEM_R,9,Y15-34,2019,8.724876,
ITC4B,UNEM_R,9,Y15-34,2020,11.27564,
ITC4B,UNEM_R,9,Y15-34,2021,8.613215,
ITC4B,UNEM_R,9,Y15-34,2022,6.843641,
ITC4B,UNEM_R,9,Y15-34,2023,8.028372,
ITC4B,UNEM_R,9,Y15-34,2024,4.640907,
ITC4B,UNEM_R,9,Y15-34,2025,5.519564,
ITC4B,UNEM_R,9,Y15-64,2018,6.746213,
ITC4B,UNEM_R,9,Y15-64,2019,6.448727,
ITC4B,UNEM_R,9,Y15-64,2020,4.80773,
ITC4B,UNEM_R,9,Y15-64,2021,4.717421,
ITC4B,UNEM_R,9,Y15-64,2022,4.390616,
ITC4B,UNEM_R,9,Y15-64,2023,4.805522,
ITC4B,UNEM_R,9,Y15-64,2024,3.571175,
ITC4B,UNEM_R,9,Y15-64,2025,3.840564,
ITC4B,UNEM_R,9,Y15-74,2018,6.666524,
ITC4B,UNEM_R,9,Y15-74,2019,6.325273,
ITC4B,UNEM_R,9,Y15-74,2020,4.649011,
ITC4B,UNEM_R,9,Y15-74,2021,4.58334,
ITC4B,UNEM_R,9,Y15-74,2022,4.455401,
ITC4B,UNEM_R,9,Y15-74,2023,4.713767,
ITC4B,UNEM_R,9,Y15-74,2024,3.454526,
ITC4B,UNEM_R,9,Y15-74,2025,3.696678,
ITC4B,UNEM_R,9,Y20-64,2018,6.317472,
ITC4B,UNEM_R,9,Y20-64,2019,6.384493,
ITC4B,UNEM_R,9,Y20-64,2020,4.496117,
ITC4B,UNEM_R,9,Y20-64,2021,4.434345,
ITC4B,UNEM_R,9,Y20-64,2022,4.191892,
ITC4B,UNEM_R,9,Y20-64,2023,4.651163,
ITC4B,UNEM_R,9,Y20-64,2024,3.506565,
ITC4B,UNEM_R,9,Y20-64,2025,3.411066,
ITC4B,UNEM_R,9,Y25-34,2018,11.570627,
ITC4B,UNEM_R,9,Y25-34,2019,6.306765,
ITC4B,UNEM_R,9,Y25-34,2020,8.860018,
ITC4B,UNEM_R,9,Y25-34,2021,5.638199,
ITC4B,UNEM_R,9,Y25-34,2022,4.186824,
ITC4B,UNEM_R,9,Y25-34,2023,6.560818,
ITC4B,UNEM_R,9,Y25-34,2024,2.928857,
ITC4B,UNEM_R,9,Y25-34,2025,1.779975,
ITC4B,UNEM_R,9,Y35-49,2018,4.270675,
ITC4B,UNEM_R,9,Y35-49,2019,6.139352,
ITC4B,UNEM_R,9,Y35-49,2020,2.1367,
ITC4B,UNEM_R,9,Y35-49,2021,3.754271,
ITC4B,UNEM_R,9,Y35-49,2022,3.975912,
ITC4B,UNEM_R,9,Y35-49,2023,4.341347,
ITC4B,UNEM_R,9,Y35-49,2024,2.680669,
ITC4B,UNEM_R,9,Y35-49,2025,3.892139,
ITC4B,UNEM_R,9,Y50-74,2018,4.950688,
ITC4B,UNEM_R,9,Y50-74,2019,4.895635,
ITC4B,UNEM_R,9,Y50-74,2020,3.260673,
ITC4B,UNEM_R,9,Y50-74,2021,3.052319,
ITC4B,UNEM_R,9,Y50-74,2022,3.448952,
ITC4B,UNEM_R,9,Y50-74,2023,2.80672,
ITC4B,UNEM_R,9,Y50-74,2024,3.518875,
ITC4B,UNEM_R,9,Y50-74,2025,2.358855,
