REF_AREA,SEX,AGE,ECON_ACTIVITY_NACE_2007,POSIZ_PROF,TIME_PERIOD,OBS_VALUE,OBS_STATUS
IT,1,Y15-89,0010,1,2018,9652.097,
IT,1,Y15-89,0010,1,2019,9743.387,
IT,1,Y15-89,0010,1,2020,9521.527,
IT,1,Y15-89,0010,1,2021,9656.568,
IT,1,Y15-89,0010,1,2022,9945.901,
IT,1,Y15-89,0010,1,2023,10163.362,
IT,1,Y15-89,0010,1,2024,10301.594,
IT,1,Y15-89,0010,1,2025,10354.74,
IT,1,Y15-89,0010,2,2018,3630.132,
IT,1,Y15-89,0010,2,2019,3592.25,
IT,1,Y15-89,0010,2,2020,3465.886,
IT,1,Y15-89,0010,2,2021,3387.036,
IT,1,Y15-89,0010,2,2022,3404.29,
IT,1,Y15-89,0010,2,2023,3428.03,
IT,1,Y15-89,0010,2,2024,3463.152,
IT,1,Y15-89,0010,2,2025,3495.886,
IT,1,Y15-89,0010,9,2018,13282.229,
IT,1,Y15-89,0010,9,2019,13335.637,
IT,1,Y15-89,0010,9,2020,12987.414,
IT,1,Y15-89,0010,9,2021,13043.604,
IT,1,Y15-89,0010,9,2022,13350.191,
IT,1,Y15-89,0010,9,2023,13591.392,
IT,1,Y15-89,0010,9,2024,13764.746,
IT,1,Y15-89,0010,9,2025,13850.627,
IT,1,Y15-89,0020,1,2018,3044.601,
IT,1,Y15-89,0020,1,2019,3098.8,
IT,1,Y15-89,0020,1,2020,3065.316,
IT,1,Y15-89,0020,1,2021,3059.316,
IT,1,Y15-89,0020,1,2022,3053.459,
IT,1,Y15-89,0020,1,2023,3138.273,
IT,1,Y15-89,0020,1,2024,3153.238,
IT,1,Y15-89,0020,1,2025,3104.831,
IT,1,Y15-89,0020,2,2018,380.28,
IT,1,Y15-89,0020,2,2019,366.85,
IT,1,Y15-89,0020,2,2020,366.84,
IT,1,Y15-89,0020,2,2021,347.802,
IT,1,Y15-89,0020,2,2022,350.363,
IT,1,Y15-89,0020,2,2023,348.478,
IT,1,Y15-89,0020,2,2024,349.837,
IT,1,Y15-89,0020,2,2025,343.148,
IT,1,Y15-89,0020,9,2018,3424.88,
IT,1,Y15-89,0020,9,2019,3465.65,
IT,1,Y15-89,0020,9,2020,3432.156,
IT,1,Y15-89,0020,9,2021,3407.118,
IT,1,Y15-89,0020,9,2022,3403.822,
IT,1,Y15-89,0020,9,2023,3486.752,
IT,1,Y15-89,0020,9,2024,3503.075,
IT,1,Y15-89,0020,9,2025,3447.979,
IT,1,Y15-89,0025,1,2018,3938.915,
IT,1,Y15-89,0025,1,2019,3981.38,
IT,1,Y15-89,0025,1,2020,3868.58,
IT,1,Y15-89,0025,1,2021,3910.855,
IT,1,Y15-89,0025,1,2022,4014.575,
IT,1,Y15-89,0025,1,2023,4111.454,
IT,1,Y15-89,0025,1,2024,4112.24,
IT,1,Y15-89,0025,1,2025,4118.349,
IT,1,Y15-89,0025,2,2018,1369.978,
IT,1,Y15-89,0025,2,2019,1376.122,
IT,1,Y15-89,0025,2,2020,1336.988,
IT,1,Y15-89,0025,2,2021,1322.528,
IT,1,Y15-89,0025,2,2022,1321.505,
IT,1,Y15-89,0025,2,2023,1361.283,
IT,1,Y15-89,0025,2,2024,1366.069,
IT,1,Y15-89,0025,2,2025,1369.145,
IT,1,Y15-89,0025,9,2018,5308.893,
IT,1,Y15-89,0025,9,2019,5357.502,
IT,1,Y15-89,0025,9,2020,5205.568,
IT,1,Y15-89,0025,9,2021,5233.383,
IT,1,Y15-89,0025,9,2022,5336.08,
IT,1,Y15-89,0025,9,2023,5472.737,
IT,1,Y15-89,0025,9,2024,5478.309,
IT,1,Y15-89,0025,9,2025,5487.494,
IT,1,Y15-89,0026,1,2018,1554.651,
IT,1,Y15-89,0026,1,2019,1562.406,
IT,1,Y15-89,0026,1,2020,1475.565,
IT,1,Y15-89,0026,1,2021,1478.529,
IT,1,Y15-89,0026,1,2022,1590.551,
IT,1,Y15-89,0026,1,2023,1637.132,
IT,1,Y15-89,0026,1,2024,1721.702,
IT,1,Y15-89,0026,1,2025,1754.403,
IT,1,Y15-89,0026,2,2018,1076.479,
IT,1,Y15-89,0026,2,2019,1055.631,
IT,1,Y15-89,0026,2,2020,972.227,
IT,1,Y15-89,0026,2,2021,920.612,
IT,1,Y15-89,0026,2,2022,938.704,
IT,1,Y15-89,0026,2,2023,948.416,
IT,1,Y15-89,0026,2,2024,970.009,
IT,1,Y15-89,0026,2,2025,975.058,
IT,1,Y15-89,0026,9,2018,2631.13,
IT,1,Y15-89,0026,9,2019,2618.037,
IT,1,Y15-89,0026,9,2020,2447.792,
IT,1,Y15-89,0026,9,2021,2399.141,
IT,1,Y15-89,0026,9,2022,2529.255,
IT,1,Y15-89,0026,9,2023,2585.547,
IT,1,Y15-89,0026,9,2024,2691.711,
IT,1,Y15-89,0026,9,2025,2729.461,
IT,1,Y15-89,A,1,2018,337.814,
IT,1,Y15-89,A,1,2019,351.739,
IT,1,Y15-89,A,1,2020,367.967,
IT,1,Y15-89,A,1,2021,362.577,
IT,1,Y15-89,A,1,2022,353.049,
IT,1,Y15-89,A,1,2023,341.393,
IT,1,Y15-89,A,1,2024,350.658,
IT,1,Y15-89,A,1,2025,365.645,
IT,1,Y15-89,A,2,2018,290.321,
IT,1,Y15-89,A,2,2019,310.944,
IT,1,Y15-89,A,2,2020,306.898,
IT,1,Y15-89,A,2,2021,315.399,
IT,1,Y15-89,A,2,2022,293.798,
IT,1,Y15-89,A,2,2023,287.771,
IT,1,Y15-89,A,2,2024,263.926,
IT,1,Y15-89,A,2,2025,269.443,
IT,1,Y15-89,A,9,2018,628.135,
IT,1,Y15-89,A,9,2019,662.683,
IT,1,Y15-89,A,9,2020,674.864,
IT,1,Y15-89,A,9,2021,677.977,
IT,1,Y15-89,A,9,2022,646.847,
IT,1,Y15-89,A,9,2023,629.165,
IT,1,Y15-89,A,9,2024,614.584,
IT,1,Y15-89,A,9,2025,635.088,
IT,1,Y15-89,F,1,2018,776.116,
IT,1,Y15-89,F,1,2019,749.062,
IT,1,Y15-89,F,1,2020,744.1,
IT,1,Y15-89,F,1,2021,845.29,
IT,1,Y15-89,F,1,2022,934.268,
IT,1,Y15-89,F,1,2023,935.109,
IT,1,Y15-89,F,1,2024,963.756,
IT,1,Y15-89,F,1,2025,1011.513,
IT,1,Y15-89,F,2,2018,513.074,
IT,1,Y15-89,F,2,2019,482.704,
IT,1,Y15-89,F,2,2020,482.934,
IT,1,Y15-89,F,2,2021,480.695,
IT,1,Y15-89,F,2,2022,499.92,
IT,1,Y15-89,F,2,2023,482.082,
IT,1,Y15-89,F,2,2024,513.311,
IT,1,Y15-89,F,2,2025,539.094,
IT,1,Y15-89,F,9,2018,1289.19,
IT,1,Y15-89,F,9,2019,1231.766,
IT,1,Y15-89,F,9,2020,1227.034,
IT,1,Y15-89,F,9,2021,1325.985,
IT,1,Y15-89,F,9,2022,1434.187,
IT,1,Y15-89,F,9,2023,1417.191,
IT,1,Y15-89,F,9,2024,1477.067,
IT,1,Y15-89,F,9,2025,1550.606,
IT,2,Y15-89,0010,1,2018,8039.854,
IT,2,Y15-89,0010,1,2019,8104.332,
IT,2,Y15-89,0010,1,2020,7835.273,
IT,2,Y15-89,0010,1,2021,7973.45,
IT,2,Y15-89,0010,1,2022,8177.528,
IT,2,Y15-89,0010,1,2023,8378.345,
IT,2,Y15-89,0010,1,2024,8545.721,
IT,2,Y15-89,0010,1,2025,8578.322,
IT,2,Y15-89,0010,2,2018,1636.648,
IT,2,Y15-89,0010,2,2019,1669.435,
IT,2,Y15-89,0010,2,2020,1562.571,
IT,2,Y15-89,0010,2,2021,1536.902,
IT,2,Y15-89,0010,2,2022,1571.67,
IT,2,Y15-89,0010,2,2023,1610.21,
IT,2,Y15-89,0010,2,2024,1621.796,
IT,2,Y15-89,0010,2,2025,1688.285,
IT,2,Y15-89,0010,9,2018,9676.502,
IT,2,Y15-89,0010,9,2019,9773.767,
IT,2,Y15-89,0010,9,2020,9397.844,
IT,2,Y15-89,0010,9,2021,9510.352,
IT,2,Y15-89,0010,9,2022,9749.198,
IT,2,Y15-89,0010,9,2023,9988.555,
IT,2,Y15-89,0010,9,2024,10167.518,
IT,2,Y15-89,0010,9,2025,10266.607,
IT,2,Y15-89,0020,1,2018,1071.916,
IT,2,Y15-89,0020,1,2019,1085.455,
IT,2,Y15-89,0020,1,2020,1066.165,
IT,2,Y15-89,0020,1,2021,1083.18,
IT,2,Y15-89,0020,1,2022,1157.562,
IT,2,Y15-89,0020,1,2023,1163.848,
IT,2,Y15-89,0020,1,2024,1183.96,
IT,2,Y15-89,0020,1,2025,1193.899,
IT,2,Y15-89,0020,2,2018,106.627,
IT,2,Y15-89,0020,2,2019,106.66,
IT,2,Y15-89,0020,2,2020,98.692,
IT,2,Y15-89,0020,2,2021,87.149,
IT,2,Y15-89,0020,2,2022,94.904,
IT,2,Y15-89,0020,2,2023,99.579,
IT,2,Y15-89,0020,2,2024,91.589,
IT,2,Y15-89,0020,2,2025,95.23,
IT,2,Y15-89,0020,9,2018,1178.543,
IT,2,Y15-89,0020,9,2019,1192.114,
IT,2,Y15-89,0020,9,2020,1164.857,
IT,2,Y15-89,0020,9,2021,1170.33,
IT,2,Y15-89,0020,9,2022,1252.465,
IT,2,Y15-89,0020,9,2023,1263.426,
IT,2,Y15-89,0020,9,2024,1275.548,
IT,2,Y15-89,0020,9,2025,1289.129,
IT,2,Y15-89,0025,1,2018,5242.205,
IT,2,Y15-89,0025,1,2019,5263.177,
IT,2,Y15-89,0025,1,2020,5122.809,
IT,2,Y15-89,0025,1,2021,5238.062,
IT,2,Y15-89,0025,1,2022,5257.196,
IT,2,Y15-89,0025,1,2023,5366.725,
IT,2,Y15-89,0025,1,2024,5431.443,
IT,2,Y15-89,0025,1,2025,5443.878,
IT,2,Y15-89,0025,2,2018,872.649,
IT,2,Y15-89,0025,2,2019,905.819,
IT,2,Y15-89,0025,2,2020,852.635,
IT,2,Y15-89,0025,2,2021,851.351,
IT,2,Y15-89,0025,2,2022,882.152,
IT,2,Y15-89,0025,2,2023,910.848,
IT,2,Y15-89,0025,2,2024,956.306,
IT,2,Y15-89,0025,2,2025,1008.157,
IT,2,Y15-89,0025,9,2018,6114.854,
IT,2,Y15-89,0025,9,2019,6168.996,
IT,2,Y15-89,0025,9,2020,5975.443,
IT,2,Y15-89,0025,9,2021,6089.413,
IT,2,Y15-89,0025,9,2022,6139.347,
IT,2,Y15-89,0025,9,2023,6277.573,
IT,2,Y15-89,0025,9,2024,6387.749,
IT,2,Y15-89,0025,9,2025,6452.035,
IT,2,Y15-89,0026,1,2018,1536.557,
IT,2,Y15-89,0026,1,2019,1567.365,
IT,2,Y15-89,0026,1,2020,1443.876,
IT,2,Y15-89,0026,1,2021,1441.079,
IT,2,Y15-89,0026,1,2022,1542.073,
IT,2,Y15-89,0026,1,2023,1634.552,
IT,2,Y15-89,0026,1,2024,1707.075,
IT,2,Y15-89,0026,1,2025,1718.199,
IT,2,Y15-89,0026,2,2018,523.282,
IT,2,Y15-89,0026,2,2019,524.751,
IT,2,Y15-89,0026,2,2020,482.732,
IT,2,Y15-89,0026,2,2021,469.214,
IT,2,Y15-89,0026,2,2022,470.724,
IT,2,Y15-89,0026,2,2023,480.878,
IT,2,Y15-89,0026,2,2024,461.488,
IT,2,Y15-89,0026,2,2025,475.785,
IT,2,Y15-89,0026,9,2018,2059.839,
IT,2,Y15-89,0026,9,2019,2092.116,
IT,2,Y15-89,0026,9,2020,1926.607,
IT,2,Y15-89,0026,9,2021,1910.294,
IT,2,Y15-89,0026,9,2022,2012.797,
IT,2,Y15-89,0026,9,2023,2115.43,
IT,2,Y15-89,0026,9,2024,2168.563,
IT,2,Y15-89,0026,9,2025,2193.984,
IT,2,Y15-89,A,1,2018,121.553,
IT,2,Y15-89,A,1,2019,120.987,
IT,2,Y15-89,A,1,2020,122.012,
IT,2,Y15-89,A,1,2021,127.318,
IT,2,Y15-89,A,1,2022,130.779,
IT,2,Y15-89,A,1,2023,120.394,
IT,2,Y15-89,A,1,2024,117.475,
IT,2,Y15-89,A,1,2025,112.885,
IT,2,Y15-89,A,2,2018,110.097,
IT,2,Y15-89,A,2,2019,111.893,
IT,2,Y15-89,A,2,2020,107.986,
IT,2,Y15-89,A,2,2021,108.18,
IT,2,Y15-89,A,2,2022,97.309,
IT,2,Y15-89,A,2,2023,97.993,
IT,2,Y15-89,A,2,2024,87.865,
IT,2,Y15-89,A,2,2025,86.976,
IT,2,Y15-89,A,9,2018,231.65,
IT,2,Y15-89,A,9,2019,232.879,
IT,2,Y15-89,A,9,2020,229.999,
IT,2,Y15-89,A,9,2021,235.497,
IT,2,Y15-89,A,9,2022,228.087,
IT,2,Y15-89,A,9,2023,218.388,
IT,2,Y15-89,A,9,2024,205.34,
IT,2,Y15-89,A,9,2025,199.861,
IT,2,Y15-89,F,1,2018,67.622,
IT,2,Y15-89,F,1,2019,67.349,
IT,2,Y15-89,F,1,2020,80.412,
IT,2,Y15-89,F,1,2021,83.811,
IT,2,Y15-89,F,1,2022,89.919,
IT,2,Y15-89,F,1,2023,92.826,
IT,2,Y15-89,F,1,2024,105.769,
IT,2,Y15-89,F,1,2025,109.461,
IT,2,Y15-89,F,2,2018,23.993,
IT,2,Y15-89,F,2,2019,20.313,
IT,2,Y15-89,F,2,2020,20.526,
IT,2,Y15-89,F,2,2021,21.007,
IT,2,Y15-89,F,2,2022,26.581,
IT,2,Y15-89,F,2,2023,20.913,
IT,2,Y15-89,F,2,2024,24.549,
IT,2,Y15-89,F,2,2025,22.137,
IT,2,Y15-89,F,9,2018,91.615,
IT,2,Y15-89,F,9,2019,87.662,
IT,2,Y15-89,F,9,2020,100.938,
IT,2,Y15-89,F,9,2021,104.818,
IT,2,Y15-89,F,9,2022,116.501,
IT,2,Y15-89,F,9,2023,113.739,
IT,2,Y15-89,F,9,2024,130.318,
IT,2,Y15-89,F,9,2025,131.597,
IT,9,Y15-89,0010,1,2018,17691.951,
IT,9,Y15-89,0010,1,2019,17847.719,
IT,9,Y15-89,0010,1,2020,17356.8,
IT,9,Y15-89,0010,1,2021,17630.018,
IT,9,Y15-89,0010,1,2022,18123.429,
IT,9,Y15-89,0010,1,2023,18541.706,
IT,9,Y15-89,0010,1,2024,18847.316,
IT,9,Y15-89,0010,1,2025,18933.062,
IT,9,Y15-89,0010,2,2018,5266.779,
IT,9,Y15-89,0010,2,2019,5261.685,
IT,9,Y15-89,0010,2,2020,5028.457,
IT,9,Y15-89,0010,2,2021,4923.937,
IT,9,Y15-89,0010,2,2022,4975.96,
IT,9,Y15-89,0010,2,2023,5038.24,
IT,9,Y15-89,0010,2,2024,5084.948,
IT,9,Y15-89,0010,2,2025,5184.172,
IT,9,Y15-89,0010,9,2018,22958.73,
IT,9,Y15-89,0010,9,2019,23109.405,
IT,9,Y15-89,0010,9,2020,22385.257,
IT,9,Y15-89,0010,9,2021,22553.955,
IT,9,Y15-89,0010,9,2022,23099.389,
IT,9,Y15-89,0010,9,2023,23579.947,
IT,9,Y15-89,0010,9,2024,23932.264,
IT,9,Y15-89,0010,9,2025,24117.234,
IT,9,Y15-89,0020,1,2018,4116.517,
IT,9,Y15-89,0020,1,2019,4184.254,
IT,9,Y15-89,0020,1,2020,4131.48,
IT,9,Y15-89,0020,1,2021,4142.497,
IT,9,Y15-89,0020,1,2022,4211.02,
IT,9,Y15-89,0020,1,2023,4302.121,
IT,9,Y15-89,0020,1,2024,4337.198,
IT,9,Y15-89,0020,1,2025,4298.73,
IT,9,Y15-89,0020,2,2018,486.906,
IT,9,Y15-89,0020,2,2019,473.51,
IT,9,Y15-89,0020,2,2020,465.532,
IT,9,Y15-89,0020,2,2021,434.951,
IT,9,Y15-89,0020,2,2022,445.267,
IT,9,Y15-89,0020,2,2023,448.057,
IT,9,Y15-89,0020,2,2024,441.425,
IT,9,Y15-89,0020,2,2025,438.378,
IT,9,Y15-89,0020,9,2018,4603.423,
IT,9,Y15-89,0020,9,2019,4657.764,
IT,9,Y15-89,0020,9,2020,4597.012,
IT,9,Y15-89,0020,9,2021,4577.447,
IT,9,Y15-89,0020,9,2022,4656.287,
IT,9,Y15-89,0020,9,2023,4750.178,
IT,9,Y15-89,0020,9,2024,4778.623,
IT,9,Y15-89,0020,9,2025,4737.108,
IT,9,Y15-89,0025,1,2018,9181.121,
IT,9,Y15-89,0025,1,2019,9244.557,
IT,9,Y15-89,0025,1,2020,8991.389,
IT,9,Y15-89,0025,1,2021,9148.916,
IT,9,Y15-89,0025,1,2022,9271.771,
IT,9,Y15-89,0025,1,2023,9478.179,
IT,9,Y15-89,0025,1,2024,9543.683,
IT,9,Y15-89,0025,1,2025,9562.226,
IT,9,Y15-89,0025,2,2018,2242.627,
IT,9,Y15-89,0025,2,2019,2281.941,
IT,9,Y15-89,0025,2,2020,2189.622,
IT,9,Y15-89,0025,2,2021,2173.879,
IT,9,Y15-89,0025,2,2022,2203.657,
IT,9,Y15-89,0025,2,2023,2272.131,
IT,9,Y15-89,0025,2,2024,2322.375,
IT,9,Y15-89,0025,2,2025,2377.302,
IT,9,Y15-89,0025,9,2018,11423.747,
IT,9,Y15-89,0025,9,2019,11526.498,
IT,9,Y15-89,0025,9,2020,11181.011,
IT,9,Y15-89,0025,9,2021,11322.795,
IT,9,Y15-89,0025,9,2022,11475.428,
IT,9,Y15-89,0025,9,2023,11750.31,
IT,9,Y15-89,0025,9,2024,11866.058,
IT,9,Y15-89,0025,9,2025,11939.529,
IT,9,Y15-89,0026,1,2018,3091.208,
IT,9,Y15-89,0026,1,2019,3129.771,
IT,9,Y15-89,0026,1,2020,2919.44,
IT,9,Y15-89,0026,1,2021,2919.609,
IT,9,Y15-89,0026,1,2022,3132.624,
IT,9,Y15-89,0026,1,2023,3271.684,
IT,9,Y15-89,0026,1,2024,3428.777,
IT,9,Y15-89,0026,1,2025,3472.601,
IT,9,Y15-89,0026,2,2018,1599.761,
IT,9,Y15-89,0026,2,2019,1580.382,
IT,9,Y15-89,0026,2,2020,1454.958,
IT,9,Y15-89,0026,2,2021,1389.826,
IT,9,Y15-89,0026,2,2022,1409.428,
IT,9,Y15-89,0026,2,2023,1429.293,
IT,9,Y15-89,0026,2,2024,1431.497,
IT,9,Y15-89,0026,2,2025,1450.843,
IT,9,Y15-89,0026,9,2018,4690.97,
IT,9,Y15-89,0026,9,2019,4710.153,
IT,9,Y15-89,0026,9,2020,4374.399,
IT,9,Y15-89,0026,9,2021,4309.435,
IT,9,Y15-89,0026,9,2022,4542.052,
IT,9,Y15-89,0026,9,2023,4700.977,
IT,9,Y15-89,0026,9,2024,4860.274,
IT,9,Y15-89,0026,9,2025,4923.444,
IT,9,Y15-89,A,1,2018,459.367,
IT,9,Y15-89,A,1,2019,472.726,
IT,9,Y15-89,A,1,2020,489.979,
IT,9,Y15-89,A,1,2021,489.895,
IT,9,Y15-89,A,1,2022,483.828,
IT,9,Y15-89,A,1,2023,461.788,
IT,9,Y15-89,A,1,2024,468.132,
IT,9,Y15-89,A,1,2025,478.53,
IT,9,Y15-89,A,2,2018,400.418,
IT,9,Y15-89,A,2,2019,422.836,
IT,9,Y15-89,A,2,2020,414.884,
IT,9,Y15-89,A,2,2021,423.579,
IT,9,Y15-89,A,2,2022,391.107,
IT,9,Y15-89,A,2,2023,385.764,
IT,9,Y15-89,A,2,2024,351.792,
IT,9,Y15-89,A,2,2025,356.419,
IT,9,Y15-89,A,9,2018,859.785,
IT,9,Y15-89,A,9,2019,895.562,
IT,9,Y15-89,A,9,2020,904.863,
IT,9,Y15-89,A,9,2021,913.474,
IT,9,Y15-89,A,9,2022,874.935,
IT,9,Y15-89,A,9,2023,847.552,
IT,9,Y15-89,A,9,2024,819.924,
IT,9,Y15-89,A,9,2025,834.949,
IT,9,Y15-89,F,1,2018,843.738,
IT,9,Y15-89,F,1,2019,816.412,
IT,9,Y15-89,F,1,2020,824.512,
IT,9,Y15-89,F,1,2021,929.101,
IT,9,Y15-89,F,1,2022,1024.187,
IT,9,Y15-89,F,1,2023,1027.935,
IT,9,Y15-89,F,1,2024,1069.525,
IT,9,Y15-89,F,1,2025,1120.973,
IT,9,Y15-89,F,2,2018,537.068,
IT,9,Y15-89,F,2,2019,503.016,
IT,9,Y15-89,F,2,2020,503.46,
IT,9,Y15-89,F,2,2021,501.703,
IT,9,Y15-89,F,2,2022,526.501,
IT,9,Y15-89,F,2,2023,502.995,
IT,9,Y15-89,F,2,2024,537.86,
IT,9,Y15-89,F,2,2025,561.23,
IT,9,Y15-89,F,9,2018,1380.805,
IT,9,Y15-89,F,9,2019,1319.428,
IT,9,Y15-89,F,9,2020,1327.972,
IT,9,Y15-89,F,9,2021,1430.804,
IT,9,Y15-89,F,9,2022,1550.688,
IT,9,Y15-89,F,9,2023,1530.93,
IT,9,Y15-89,F,9,2024,1607.385,
IT,9,Y15-89,F,9,2025,1682.203,
ITC4,1,Y15-89,0010,1,2018,1878.588,
ITC4,1,Y15-89,0010,1,2019,1914.051,
ITC4,1,Y15-89,0010,1,2020,1853.714,
ITC4,1,Y15-89,0010,1,2021,1866.461,
ITC4,1,Y15-89,0010,1,2022,1922.911,
ITC4,1,Y15-89,0010,1,2023,1939.099,
ITC4,1,Y15-89,0010,1,2024,1978.182,
ITC4,1,Y15-89,0010,1,2025,1981.519,
ITC4,1,Y15-89,0010,2,2018,606.731,
ITC4,1,Y15-89,0010,2,2019,599.903,
ITC4,1,Y15-89,0010,2,2020,577.895,
ITC4,1,Y15-89,0010,2,2021,560.752,
ITC4,1,Y15-89,0010,2,2022,574.025,
ITC4,1,Y15-89,0010,2,2023,582.701,
ITC4,1,Y15-89,0010,2,2024,559.539,
ITC4,1,Y15-89,0010,2,2025,585.029,
ITC4,1,Y15-89,0010,9,2018,2485.318,
ITC4,1,Y15-89,0010,9,2019,2513.954,
ITC4,1,Y15-89,0010,9,2020,2431.609,
ITC4,1,Y15-89,0010,9,2021,2427.213,
ITC4,1,Y15-89,0010,9,2022,2496.936,
ITC4,1,Y15-89,0010,9,2023,2521.8,
ITC4,1,Y15-89,0010,9,2024,2537.721,
ITC4,1,Y15-89,0010,9,2025,2566.548,
ITC4,1,Y15-89,0020,1,2018,740.688,
ITC4,1,Y15-89,0020,1,2019,764.656,
ITC4,1,Y15-89,0020,1,2020,739.498,
ITC4,1,Y15-89,0020,1,2021,738.565,
ITC4,1,Y15-89,0020,1,2022,756.595,
ITC4,1,Y15-89,0020,1,2023,736.773,
ITC4,1,Y15-89,0020,1,2024,737.914,
ITC4,1,Y15-89,0020,1,2025,723.488,
ITC4,1,Y15-89,0020,2,2018,76.473,
ITC4,1,Y15-89,0020,2,2019,73.961,
ITC4,1,Y15-89,0020,2,2020,74.627,
ITC4,1,Y15-89,0020,2,2021,69.361,
ITC4,1,Y15-89,0020,2,2022,69.2,
ITC4,1,Y15-89,0020,2,2023,66.501,
ITC4,1,Y15-89,0020,2,2024,63.919,
ITC4,1,Y15-89,0020,2,2025,65.621,
ITC4,1,Y15-89,0020,9,2018,817.161,
ITC4,1,Y15-89,0020,9,2019,838.617,
ITC4,1,Y15-89,0020,9,2020,814.125,
ITC4,1,Y15-89,0020,9,2021,807.927,
ITC4,1,Y15-89,0020,9,2022,825.794,
ITC4,1,Y15-89,0020,9,2023,803.275,
ITC4,1,Y15-89,0020,9,2024,801.834,
ITC4,1,Y15-89,0020,9,2025,789.109,
ITC4,1,Y15-89,0025,1,2018,692.656,
ITC4,1,Y15-89,0025,1,2019,705.939,
ITC4,1,Y15-89,0025,1,2020,687.322,
ITC4,1,Y15-89,0025,1,2021,682.585,
ITC4,1,Y15-89,0025,1,2022,698.145,
ITC4,1,Y15-89,0025,1,2023,737.308,
ITC4,1,Y15-89,0025,1,2024,746.748,
ITC4,1,Y15-89,0025,1,2025,737.722,
ITC4,1,Y15-89,0025,2,2018,268.07,
ITC4,1,Y15-89,0025,2,2019,264.363,
ITC4,1,Y15-89,0025,2,2020,245.1,
ITC4,1,Y15-89,0025,2,2021,246.592,
ITC4,1,Y15-89,0025,2,2022,257.934,
ITC4,1,Y15-89,0025,2,2023,260.544,
ITC4,1,Y15-89,0025,2,2024,252.728,
ITC4,1,Y15-89,0025,2,2025,258.356,
ITC4,1,Y15-89,0025,9,2018,960.726,
ITC4,1,Y15-89,0025,9,2019,970.302,
ITC4,1,Y15-89,0025,9,2020,932.422,
ITC4,1,Y15-89,0025,9,2021,929.176,
ITC4,1,Y15-89,0025,9,2022,956.079,
ITC4,1,Y15-89,0025,9,2023,997.852,
ITC4,1,Y15-89,0025,9,2024,999.476,
ITC4,1,Y15-89,0025,9,2025,996.078,
ITC4,1,Y15-89,0026,1,2018,285.51,
ITC4,1,Y15-89,0026,1,2019,286.496,
ITC4,1,Y15-89,0026,1,2020,264.624,
ITC4,1,Y15-89,0026,1,2021,262.73,
ITC4,1,Y15-89,0026,1,2022,283.599,
ITC4,1,Y15-89,0026,1,2023,289.064,
ITC4,1,Y15-89,0026,1,2024,319.47,
ITC4,1,Y15-89,0026,1,2025,327.051,
ITC4,1,Y15-89,0026,2,2018,146.784,
ITC4,1,Y15-89,0026,2,2019,149.291,
ITC4,1,Y15-89,0026,2,2020,137.303,
ITC4,1,Y15-89,0026,2,2021,127.043,
ITC4,1,Y15-89,0026,2,2022,128.821,
ITC4,1,Y15-89,0026,2,2023,136.324,
ITC4,1,Y15-89,0026,2,2024,129.114,
ITC4,1,Y15-89,0026,2,2025,138.957,
ITC4,1,Y15-89,0026,9,2018,432.294,
ITC4,1,Y15-89,0026,9,2019,435.787,
ITC4,1,Y15-89,0026,9,2020,401.926,
ITC4,1,Y15-89,0026,9,2021,389.773,
ITC4,1,Y15-89,0026,9,2022,412.42,
ITC4,1,Y15-89,0026,9,2023,425.388,
ITC4,1,Y15-89,0026,9,2024,448.583,
ITC4,1,Y15-89,0026,9,2025,466.008,
ITC4,1,Y15-89,A,1,2018,20.253,
ITC4,1,Y15-89,A,1,2019,21.15,
ITC4,1,Y15-89,A,1,2020,24.944,
ITC4,1,Y15-89,A,1,2021,27.094,
ITC4,1,Y15-89,A,1,2022,19.507,
ITC4,1,Y15-89,A,1,2023,17.802,
ITC4,1,Y15-89,A,1,2024,22.162,
ITC4,1,Y15-89,A,1,2025,25.963,
ITC4,1,Y15-89,A,2,2018,29.075,
ITC4,1,Y15-89,A,2,2019,30.975,
ITC4,1,Y15-89,A,2,2020,33.649,
ITC4,1,Y15-89,A,2,2021,32.813,
ITC4,1,Y15-89,A,2,2022,22.162,
ITC4,1,Y15-89,A,2,2023,25.09,
ITC4,1,Y15-89,A,2,2024,23.219,
ITC4,1,Y15-89,A,2,2025,25.7,
ITC4,1,Y15-89,A,9,2018,49.328,
ITC4,1,Y15-89,A,9,2019,52.126,
ITC4,1,Y15-89,A,9,2020,58.593,
ITC4,1,Y15-89,A,9,2021,59.907,
ITC4,1,Y15-89,A,9,2022,41.669,
ITC4,1,Y15-89,A,9,2023,42.891,
ITC4,1,Y15-89,A,9,2024,45.381,
ITC4,1,Y15-89,A,9,2025,51.663,
ITC4,1,Y15-89,F,1,2018,139.481,
ITC4,1,Y15-89,F,1,2019,135.81,
ITC4,1,Y15-89,F,1,2020,137.325,
ITC4,1,Y15-89,F,1,2021,155.486,
ITC4,1,Y15-89,F,1,2022,165.065,
ITC4,1,Y15-89,F,1,2023,158.152,
ITC4,1,Y15-89,F,1,2024,151.888,
ITC4,1,Y15-89,F,1,2025,167.295,
ITC4,1,Y15-89,F,2,2018,86.329,
ITC4,1,Y15-89,F,2,2019,81.313,
ITC4,1,Y15-89,F,2,2020,87.217,
ITC4,1,Y15-89,F,2,2021,84.943,
ITC4,1,Y15-89,F,2,2022,95.908,
ITC4,1,Y15-89,F,2,2023,94.243,
ITC4,1,Y15-89,F,2,2024,90.56,
ITC4,1,Y15-89,F,2,2025,96.395,
ITC4,1,Y15-89,F,9,2018,225.81,
ITC4,1,Y15-89,F,9,2019,217.123,
ITC4,1,Y15-89,F,9,2020,224.542,
ITC4,1,Y15-89,F,9,2021,240.429,
ITC4,1,Y15-89,F,9,2022,260.973,
ITC4,1,Y15-89,F,9,2023,252.395,
ITC4,1,Y15-89,F,9,2024,242.448,
ITC4,1,Y15-89,F,9,2025,263.691,
ITC4,2,Y15-89,0010,1,2018,1621.889,
ITC4,2,Y15-89,0010,1,2019,1637.452,
ITC4,2,Y15-89,0010,1,2020,1597.73,
ITC4,2,Y15-89,0010,1,2021,1630.934,
ITC4,2,Y15-89,0010,1,2022,1657.87,
ITC4,2,Y15-89,0010,1,2023,1696.347,
ITC4,2,Y15-89,0010,1,2024,1732.151,
ITC4,2,Y15-89,0010,1,2025,1682.797,
ITC4,2,Y15-89,0010,2,2018,286.239,
ITC4,2,Y15-89,0010,2,2019,299.613,
ITC4,2,Y15-89,0010,2,2020,285.798,
ITC4,2,Y15-89,0010,2,2021,274.37,
ITC4,2,Y15-89,0010,2,2022,269.59,
ITC4,2,Y15-89,0010,2,2023,282.569,
ITC4,2,Y15-89,0010,2,2024,267.952,
ITC4,2,Y15-89,0010,2,2025,317.453,
ITC4,2,Y15-89,0010,9,2018,1908.128,
ITC4,2,Y15-89,0010,9,2019,1937.066,
ITC4,2,Y15-89,0010,9,2020,1883.528,
ITC4,2,Y15-89,0010,9,2021,1905.304,
ITC4,2,Y15-89,0010,9,2022,1927.46,
ITC4,2,Y15-89,0010,9,2023,1978.916,
ITC4,2,Y15-89,0010,9,2024,2000.103,
ITC4,2,Y15-89,0010,9,2025,2000.25,
ITC4,2,Y15-89,0020,1,2018,286.285,
ITC4,2,Y15-89,0020,1,2019,296.763,
ITC4,2,Y15-89,0020,1,2020,288.203,
ITC4,2,Y15-89,0020,1,2021,293.232,
ITC4,2,Y15-89,0020,1,2022,304.98,
ITC4,2,Y15-89,0020,1,2023,300.514,
ITC4,2,Y15-89,0020,1,2024,304.972,
ITC4,2,Y15-89,0020,1,2025,323.41,
ITC4,2,Y15-89,0020,2,2018,22.558,
ITC4,2,Y15-89,0020,2,2019,23.434,
ITC4,2,Y15-89,0020,2,2020,21.427,
ITC4,2,Y15-89,0020,2,2021,15.999,
ITC4,2,Y15-89,0020,2,2022,16.95,
ITC4,2,Y15-89,0020,2,2023,21.244,
ITC4,2,Y15-89,0020,2,2024,14.146,
ITC4,2,Y15-89,0020,2,2025,18.04,
ITC4,2,Y15-89,0020,9,2018,308.843,
ITC4,2,Y15-89,0020,9,2019,320.197,
ITC4,2,Y15-89,0020,9,2020,309.631,
ITC4,2,Y15-89,0020,9,2021,309.231,
ITC4,2,Y15-89,0020,9,2022,321.93,
ITC4,2,Y15-89,0020,9,2023,321.758,
ITC4,2,Y15-89,0020,9,2024,319.118,
ITC4,2,Y15-89,0020,9,2025,341.451,
ITC4,2,Y15-89,0025,1,2018,1033.471,
ITC4,2,Y15-89,0025,1,2019,1020.684,
ITC4,2,Y15-89,0025,1,2020,1004.805,
ITC4,2,Y15-89,0025,1,2021,1033.758,
ITC4,2,Y15-89,0025,1,2022,1026.685,
ITC4,2,Y15-89,0025,1,2023,1058.344,
ITC4,2,Y15-89,0025,1,2024,1083.949,
ITC4,2,Y15-89,0025,1,2025,1025.072,
ITC4,2,Y15-89,0025,2,2018,175.742,
ITC4,2,Y15-89,0025,2,2019,185.741,
ITC4,2,Y15-89,0025,2,2020,178.497,
ITC4,2,Y15-89,0025,2,2021,176.421,
ITC4,2,Y15-89,0025,2,2022,174.816,
ITC4,2,Y15-89,0025,2,2023,172.883,
ITC4,2,Y15-89,0025,2,2024,176.738,
ITC4,2,Y15-89,0025,2,2025,219.538,
ITC4,2,Y15-89,0025,9,2018,1209.213,
ITC4,2,Y15-89,0025,9,2019,1206.424,
ITC4,2,Y15-89,0025,9,2020,1183.302,
ITC4,2,Y15-89,0025,9,2021,1210.179,
ITC4,2,Y15-89,0025,9,2022,1201.502,
ITC4,2,Y15-89,0025,9,2023,1231.227,
ITC4,2,Y15-89,0025,9,2024,1260.687,
ITC4,2,Y15-89,0025,9,2025,1244.61,
ITC4,2,Y15-89,0026,1,2018,285.402,
ITC4,2,Y15-89,0026,1,2019,298.663,
ITC4,2,Y15-89,0026,1,2020,285.499,
ITC4,2,Y15-89,0026,1,2021,279.343,
ITC4,2,Y15-89,0026,1,2022,297.841,
ITC4,2,Y15-89,0026,1,2023,310.743,
ITC4,2,Y15-89,0026,1,2024,315.226,
ITC4,2,Y15-89,0026,1,2025,304.98,
ITC4,2,Y15-89,0026,2,2018,79.032,
ITC4,2,Y15-89,0026,2,2019,80.581,
ITC4,2,Y15-89,0026,2,2020,74.571,
ITC4,2,Y15-89,0026,2,2021,70.175,
ITC4,2,Y15-89,0026,2,2022,65.018,
ITC4,2,Y15-89,0026,2,2023,75.368,
ITC4,2,Y15-89,0026,2,2024,64.002,
ITC4,2,Y15-89,0026,2,2025,69.715,
ITC4,2,Y15-89,0026,9,2018,364.434,
ITC4,2,Y15-89,0026,9,2019,379.244,
ITC4,2,Y15-89,0026,9,2020,360.07,
ITC4,2,Y15-89,0026,9,2021,349.518,
ITC4,2,Y15-89,0026,9,2022,362.859,
ITC4,2,Y15-89,0026,9,2023,386.111,
ITC4,2,Y15-89,0026,9,2024,379.228,
ITC4,2,Y15-89,0026,9,2025,374.695,
ITC4,2,Y15-89,A,1,2018,2.823,
ITC4,2,Y15-89,A,1,2019,4.528,
ITC4,2,Y15-89,A,1,2020,4.136,
ITC4,2,Y15-89,A,1,2021,5.625,
ITC4,2,Y15-89,A,1,2022,7.1,
ITC4,2,Y15-89,A,1,2023,3.298,
ITC4,2,Y15-89,A,1,2024,4.021,
ITC4,2,Y15-89,A,1,2025,4.558,
ITC4,2,Y15-89,A,2,2018,4.146,
ITC4,2,Y15-89,A,2,2019,5.482,
ITC4,2,Y15-89,A,2,2020,7.717,
ITC4,2,Y15-89,A,2,2021,7.535,
ITC4,2,Y15-89,A,2,2022,7.291,
ITC4,2,Y15-89,A,2,2023,8.088,
ITC4,2,Y15-89,A,2,2024,6.71,
ITC4,2,Y15-89,A,2,2025,5.523,
ITC4,2,Y15-89,A,9,2018,6.969,
ITC4,2,Y15-89,A,9,2019,10.01,
ITC4,2,Y15-89,A,9,2020,11.852,
ITC4,2,Y15-89,A,9,2021,13.16,
ITC4,2,Y15-89,A,9,2022,14.391,
ITC4,2,Y15-89,A,9,2023,11.386,
ITC4,2,Y15-89,A,9,2024,10.731,
ITC4,2,Y15-89,A,9,2025,10.082,
ITC4,2,Y15-89,F,1,2018,13.908,
ITC4,2,Y15-89,F,1,2019,16.816,
ITC4,2,Y15-89,F,1,2020,15.086,
ITC4,2,Y15-89,F,1,2021,18.976,
ITC4,2,Y15-89,F,1,2022,21.264,
ITC4,2,Y15-89,F,1,2023,23.447,
ITC4,2,Y15-89,F,1,2024,23.983,
ITC4,2,Y15-89,F,1,2025,24.777,
ITC4,2,Y15-89,F,2,2018,4.76,
ITC4,2,Y15-89,F,2,2019,4.375,
ITC4,2,Y15-89,F,2,2020,3.586,
ITC4,2,Y15-89,F,2,2021,4.24,
ITC4,2,Y15-89,F,2,2022,5.514,
ITC4,2,Y15-89,F,2,2023,4.986,
ITC4,2,Y15-89,F,2,2024,6.356,
ITC4,2,Y15-89,F,2,2025,4.636,
ITC4,2,Y15-89,F,9,2018,18.669,
ITC4,2,Y15-89,F,9,2019,21.191,
ITC4,2,Y15-89,F,9,2020,18.672,
ITC4,2,Y15-89,F,9,2021,23.216,
ITC4,2,Y15-89,F,9,2022,26.778,
ITC4,2,Y15-89,F,9,2023,28.433,
ITC4,2,Y15-89,F,9,2024,30.339,
ITC4,2,Y15-89,F,9,2025,29.413,
ITC4,9,Y15-89,0010,1,2018,3500.477,
ITC4,9,Y15-89,0010,1,2019,3551.504,
ITC4,9,Y15-89,0010,1,2020,3451.444,
ITC4,9,Y15-89,0010,1,2021,3497.395,
ITC4,9,Y15-89,0010,1,2022,3580.781,
ITC4,9,Y15-89,0010,1,2023,3635.446,
ITC4,9,Y15-89,0010,1,2024,3710.333,
ITC4,9,Y15-89,0010,1,2025,3664.316,
ITC4,9,Y15-89,0010,2,2018,892.97,
ITC4,9,Y15-89,0010,2,2019,899.516,
ITC4,9,Y15-89,0010,2,2020,863.692,
ITC4,9,Y15-89,0010,2,2021,835.121,
ITC4,9,Y15-89,0010,2,2022,843.615,
ITC4,9,Y15-89,0010,2,2023,865.271,
ITC4,9,Y15-89,0010,2,2024,827.492,
ITC4,9,Y15-89,0010,2,2025,902.482,
ITC4,9,Y15-89,0010,9,2018,4393.447,
ITC4,9,Y15-89,0010,9,2019,4451.02,
ITC4,9,Y15-89,0010,9,2020,4315.136,
ITC4,9,Y15-89,0010,9,2021,4332.516,
ITC4,9,Y15-89,0010,9,2022,4424.396,
ITC4,9,Y15-89,0010,9,2023,4500.716,
ITC4,9,Y15-89,0010,9,2024,4537.824,
ITC4,9,Y15-89,0010,9,2025,4566.798,
ITC4,9,Y15-89,0020,1,2018,1026.973,
ITC4,9,Y15-89,0020,1,2019,1061.419,
ITC4,9,Y15-89,0020,1,2020,1027.702,
ITC4,9,Y15-89,0020,1,2021,1031.797,
ITC4,9,Y15-89,0020,1,2022,1061.575,
ITC4,9,Y15-89,0020,1,2023,1037.288,
ITC4,9,Y15-89,0020,1,2024,1042.887,
ITC4,9,Y15-89,0020,1,2025,1046.898,
ITC4,9,Y15-89,0020,2,2018,99.031,
ITC4,9,Y15-89,0020,2,2019,97.395,
ITC4,9,Y15-89,0020,2,2020,96.054,
ITC4,9,Y15-89,0020,2,2021,85.36,
ITC4,9,Y15-89,0020,2,2022,86.15,
ITC4,9,Y15-89,0020,2,2023,87.745,
ITC4,9,Y15-89,0020,2,2024,78.065,
ITC4,9,Y15-89,0020,2,2025,83.662,
ITC4,9,Y15-89,0020,9,2018,1126.004,
ITC4,9,Y15-89,0020,9,2019,1158.814,
ITC4,9,Y15-89,0020,9,2020,1123.756,
ITC4,9,Y15-89,0020,9,2021,1117.157,
ITC4,9,Y15-89,0020,9,2022,1147.725,
ITC4,9,Y15-89,0020,9,2023,1125.033,
ITC4,9,Y15-89,0020,9,2024,1120.952,
ITC4,9,Y15-89,0020,9,2025,1130.56,
ITC4,9,Y15-89,0025,1,2018,1726.127,
ITC4,9,Y15-89,0025,1,2019,1726.622,
ITC4,9,Y15-89,0025,1,2020,1692.128,
ITC4,9,Y15-89,0025,1,2021,1716.343,
ITC4,9,Y15-89,0025,1,2022,1724.83,
ITC4,9,Y15-89,0025,1,2023,1795.651,
ITC4,9,Y15-89,0025,1,2024,1830.697,
ITC4,9,Y15-89,0025,1,2025,1762.794,
ITC4,9,Y15-89,0025,2,2018,443.812,
ITC4,9,Y15-89,0025,2,2019,450.103,
ITC4,9,Y15-89,0025,2,2020,423.596,
ITC4,9,Y15-89,0025,2,2021,423.012,
ITC4,9,Y15-89,0025,2,2022,432.75,
ITC4,9,Y15-89,0025,2,2023,433.427,
ITC4,9,Y15-89,0025,2,2024,429.466,
ITC4,9,Y15-89,0025,2,2025,477.894,
ITC4,9,Y15-89,0025,9,2018,2169.939,
ITC4,9,Y15-89,0025,9,2019,2176.726,
ITC4,9,Y15-89,0025,9,2020,2115.724,
ITC4,9,Y15-89,0025,9,2021,2139.355,
ITC4,9,Y15-89,0025,9,2022,2157.581,
ITC4,9,Y15-89,0025,9,2023,2229.079,
ITC4,9,Y15-89,0025,9,2024,2260.163,
ITC4,9,Y15-89,0025,9,2025,2240.688,
ITC4,9,Y15-89,0026,1,2018,570.912,
ITC4,9,Y15-89,0026,1,2019,585.159,
ITC4,9,Y15-89,0026,1,2020,550.123,
ITC4,9,Y15-89,0026,1,2021,542.074,
ITC4,9,Y15-89,0026,1,2022,581.44,
ITC4,9,Y15-89,0026,1,2023,599.807,
ITC4,9,Y15-89,0026,1,2024,634.695,
ITC4,9,Y15-89,0026,1,2025,632.03,
ITC4,9,Y15-89,0026,2,2018,225.816,
ITC4,9,Y15-89,0026,2,2019,229.872,
ITC4,9,Y15-89,0026,2,2020,211.873,
ITC4,9,Y15-89,0026,2,2021,197.218,
ITC4,9,Y15-89,0026,2,2022,193.839,
ITC4,9,Y15-89,0026,2,2023,211.691,
ITC4,9,Y15-89,0026,2,2024,193.116,
ITC4,9,Y15-89,0026,2,2025,208.672,
ITC4,9,Y15-89,0026,9,2018,796.728,
ITC4,9,Y15-89,0026,9,2019,815.031,
ITC4,9,Y15-89,0026,9,2020,761.996,
ITC4,9,Y15-89,0026,9,2021,739.292,
ITC4,9,Y15-89,0026,9,2022,775.279,
ITC4,9,Y15-89,0026,9,2023,811.499,
ITC4,9,Y15-89,0026,9,2024,827.811,
ITC4,9,Y15-89,0026,9,2025,840.702,
ITC4,9,Y15-89,A,1,2018,23.077,
ITC4,9,Y15-89,A,1,2019,25.678,
ITC4,9,Y15-89,A,1,2020,29.08,
ITC4,9,Y15-89,A,1,2021,32.719,
ITC4,9,Y15-89,A,1,2022,26.607,
ITC4,9,Y15-89,A,1,2023,21.1,
ITC4,9,Y15-89,A,1,2024,26.183,
ITC4,9,Y15-89,A,1,2025,30.522,
ITC4,9,Y15-89,A,2,2018,33.221,
ITC4,9,Y15-89,A,2,2019,36.458,
ITC4,9,Y15-89,A,2,2020,41.365,
ITC4,9,Y15-89,A,2,2021,40.348,
ITC4,9,Y15-89,A,2,2022,29.453,
ITC4,9,Y15-89,A,2,2023,33.178,
ITC4,9,Y15-89,A,2,2024,29.93,
ITC4,9,Y15-89,A,2,2025,31.223,
ITC4,9,Y15-89,A,9,2018,56.297,
ITC4,9,Y15-89,A,9,2019,62.136,
ITC4,9,Y15-89,A,9,2020,70.445,
ITC4,9,Y15-89,A,9,2021,73.067,
ITC4,9,Y15-89,A,9,2022,56.06,
ITC4,9,Y15-89,A,9,2023,54.278,
ITC4,9,Y15-89,A,9,2024,56.112,
ITC4,9,Y15-89,A,9,2025,61.745,
ITC4,9,Y15-89,F,1,2018,153.389,
ITC4,9,Y15-89,F,1,2019,152.626,
ITC4,9,Y15-89,F,1,2020,152.411,
ITC4,9,Y15-89,F,1,2021,174.462,
ITC4,9,Y15-89,F,1,2022,186.329,
ITC4,9,Y15-89,F,1,2023,181.6,
ITC4,9,Y15-89,F,1,2024,175.872,
ITC4,9,Y15-89,F,1,2025,192.072,
ITC4,9,Y15-89,F,2,2018,91.09,
ITC4,9,Y15-89,F,2,2019,85.688,
ITC4,9,Y15-89,F,2,2020,90.803,
ITC4,9,Y15-89,F,2,2021,89.183,
ITC4,9,Y15-89,F,2,2022,101.422,
ITC4,9,Y15-89,F,2,2023,99.228,
ITC4,9,Y15-89,F,2,2024,96.915,
ITC4,9,Y15-89,F,2,2025,101.032,
ITC4,9,Y15-89,F,9,2018,244.479,
ITC4,9,Y15-89,F,9,2019,238.314,
ITC4,9,Y15-89,F,9,2020,243.215,
ITC4,9,Y15-89,F,9,2021,263.646,
ITC4,9,Y15-89,F,9,2022,287.751,
ITC4,9,Y15-89,F,9,2023,280.828,
ITC4,9,Y15-89,F,9,2024,272.787,
ITC4,9,Y15-89,F,9,2025,293.103,
ITC41,1,Y15-89,0010,9,2018,213.907,
ITC41,1,Y15-89,0010,9,2019,211.763,
ITC41,1,Y15-89,0010,9,2020,208.231,
ITC41,1,Y15-89,0010,9,2021,204.5,
ITC41,1,Y15-89,0010,9,2022,212.614,
ITC41,1,Y15-89,0010,9,2023,219.623,
ITC41,1,Y15-89,0010,9,2024,219.768,
ITC41,1,Y15-89,0010,9,2025,227.092,
ITC41,2,Y15-89,0010,9,2018,169.517,
ITC41,2,Y15-89,0010,9,2019,169.639,
ITC41,2,Y15-89,0010,9,2020,158.564,
ITC41,2,Y15-89,0010,9,2021,168.101,
ITC41,2,Y15-89,0010,9,2022,163.086,
ITC41,2,Y15-89,0010,9,2023,171.411,
ITC41,2,Y15-89,0010,9,2024,172.33,
ITC41,2,Y15-89,0010,9,2025,171.53,
ITC41,9,Y15-89,0010,1,2018,312.238,
ITC41,9,Y15-89,0010,1,2019,304.336,
ITC41,9,Y15-89,0010,1,2020,294.751,
ITC41,9,Y15-89,0010,1,2021,307.532,
ITC41,9,Y15-89,0010,1,2022,310.049,
ITC41,9,Y15-89,0010,1,2023,317.999,
ITC41,9,Y15-89,0010,1,2024,324.123,
ITC41,9,Y15-89,0010,1,2025,327.315,
ITC41,9,Y15-89,0010,2,2018,71.185,
ITC41,9,Y15-89,0010,2,2019,77.065,
ITC41,9,Y15-89,0010,2,2020,72.044,
ITC41,9,Y15-89,0010,2,2021,65.068,
ITC41,9,Y15-89,0010,2,2022,65.65,
ITC41,9,Y15-89,0010,2,2023,73.036,
ITC41,9,Y15-89,0010,2,2024,67.976,
ITC41,9,Y15-89,0010,2,2025,71.306,
ITC41,9,Y15-89,0010,9,2018,383.424,
ITC41,9,Y15-89,0010,9,2019,381.402,
ITC41,9,Y15-89,0010,9,2020,366.795,
ITC41,9,Y15-89,0010,9,2021,372.6,
ITC41,9,Y15-89,0010,9,2022,375.7,
ITC41,9,Y15-89,0010,9,2023,391.034,
ITC41,9,Y15-89,0010,9,2024,392.098,
ITC41,9,Y15-89,0010,9,2025,398.622,
ITC41,9,Y15-89,0020,9,2018,125.42,
ITC41,9,Y15-89,0020,9,2019,109.187,
ITC41,9,Y15-89,0020,9,2020,114.278,
ITC41,9,Y15-89,0020,9,2021,115.944,
ITC41,9,Y15-89,0020,9,2022,115.212,
ITC41,9,Y15-89,0020,9,2023,109.218,
ITC41,9,Y15-89,0020,9,2024,113.6,
ITC41,9,Y15-89,0020,9,2025,116.682,
ITC41,9,Y15-89,0025,9,2018,170.235,
ITC41,9,Y15-89,0025,9,2019,166.594,
ITC41,9,Y15-89,0025,9,2020,151.245,
ITC41,9,Y15-89,0025,9,2021,157.877,
ITC41,9,Y15-89,0025,9,2022,166.941,
ITC41,9,Y15-89,0025,9,2023,185.843,
ITC41,9,Y15-89,0025,9,2024,180.119,
ITC41,9,Y15-89,0025,9,2025,170.975,
ITC41,9,Y15-89,0026,9,2018,64.147,
ITC41,9,Y15-89,0026,9,2019,78.643,
ITC41,9,Y15-89,0026,9,2020,71.456,
ITC41,9,Y15-89,0026,9,2021,64.573,
ITC41,9,Y15-89,0026,9,2022,62.586,
ITC41,9,Y15-89,0026,9,2023,69.65,
ITC41,9,Y15-89,0026,9,2024,69.077,
ITC41,9,Y15-89,0026,9,2025,78.267,
ITC41,9,Y15-89,A,9,2018,1.062,
ITC41,9,Y15-89,A,9,2019,1.402,
ITC41,9,Y15-89,A,9,2020,1.794,
ITC41,9,Y15-89,A,9,2021,3.622,
ITC41,9,Y15-89,A,9,2022,1.779,
ITC41,9,Y15-89,A,9,2023,0.518,
ITC41,9,Y15-89,A,9,2024,1.864,
ITC41,9,Y15-89,A,9,2025,3.565,
ITC41,9,Y15-89,F,9,2018,22.56,
ITC41,9,Y15-89,F,9,2019,25.576,
ITC41,9,Y15-89,F,9,2020,28.022,
ITC41,9,Y15-89,F,9,2021,30.585,
ITC41,9,Y15-89,F,9,2022,29.182,
ITC41,9,Y15-89,F,9,2023,25.806,
ITC41,9,Y15-89,F,9,2024,27.439,
ITC41,9,Y15-89,F,9,2025,29.132,
